claim_id,payer_name,submitted_date,ar_age_days,ar_bucket,submitted_amount
CLM-000458,Medicare,2025-07-01,365,120+,1007.33
CLM-002352,Medicaid,2025-07-01,365,120+,386.19
CLM-005264,UnitedHealthcare,2025-07-01,365,120+,3368.29
CLM-002790,Medicare,2025-07-02,364,120+,254.91
CLM-002862,Blue Cross Blue Shield,2025-07-02,364,120+,1311.07
CLM-003519,Medicare,2025-07-02,364,120+,1065.56
CLM-006517,Medicare,2025-07-02,364,120+,3837.14
CLM-008612,Blue Cross Blue Shield,2025-07-02,364,120+,6951.26
CLM-011759,Medicare,2025-07-02,364,120+,400.91
CLM-004393,Medicare,2025-07-03,363,120+,15848.91
CLM-011061,Blue Cross Blue Shield,2025-07-03,363,120+,11800.55
CLM-002473,Medicaid,2025-07-05,361,120+,1047.16
CLM-010064,Aetna,2025-07-05,361,120+,4642.38
CLM-004445,Humana Medicare Advantage,2025-07-07,359,120+,4898.34
CLM-010750,Medicare,2025-07-07,359,120+,1217.07
CLM-011821,Medicare,2025-07-07,359,120+,3303.02
CLM-006706,UnitedHealthcare,2025-07-09,357,120+,310.91
CLM-005259,Cigna,2025-07-10,356,120+,327.74
CLM-008653,Medicare,2025-07-10,356,120+,283.69
CLM-010856,Blue Cross Blue Shield,2025-07-10,356,120+,3595.77
CLM-011771,Self-Pay,2025-07-10,356,120+,255.45
CLM-008859,Cigna,2025-07-11,355,120+,5771.08
CLM-003211,Medicare,2025-07-12,354,120+,3955.43
CLM-008905,Cigna,2025-07-14,352,120+,631.43
CLM-010367,Blue Cross Blue Shield,2025-07-14,352,120+,330.46
CLM-011083,Medicaid,2025-07-14,352,120+,3188.52
CLM-011640,UnitedHealthcare,2025-07-14,352,120+,1973.54
CLM-002783,Medicaid,2025-07-15,351,120+,2528.38
CLM-009733,Aetna,2025-07-16,350,120+,1649.39
CLM-010074,Aetna,2025-07-16,350,120+,1878.14
CLM-000677,Medicare,2025-07-17,349,120+,2387.37
CLM-008011,Medicaid,2025-07-17,349,120+,1631.22
CLM-003549,UnitedHealthcare,2025-07-19,347,120+,318.4
CLM-004994,Medicare,2025-07-19,347,120+,1868.5
CLM-005253,Medicare,2025-07-20,346,120+,2173.31
CLM-005568,Medicare,2025-07-20,346,120+,375.54
CLM-007046,Aetna,2025-07-20,346,120+,3498.66
CLM-011814,UnitedHealthcare,2025-07-20,346,120+,548.65
CLM-006309,Medicare,2025-07-21,345,120+,7151.97
CLM-002471,UnitedHealthcare,2025-07-23,343,120+,3775.01
CLM-004060,Aetna,2025-07-23,343,120+,4965.71
CLM-002666,UnitedHealthcare,2025-07-24,342,120+,277.43
CLM-004746,Aetna,2025-07-24,342,120+,509.35
CLM-008696,UnitedHealthcare,2025-07-24,342,120+,2128.9
CLM-008851,Cigna,2025-07-24,342,120+,618.26
CLM-004205,Medicaid,2025-07-25,341,120+,11723.41
CLM-005798,Cigna,2025-07-25,341,120+,989.13
CLM-008757,Humana Medicare Advantage,2025-07-25,341,120+,3287.77
CLM-011700,Aetna,2025-07-27,339,120+,2507.25
CLM-002694,Medicare,2025-07-28,338,120+,1234.23
CLM-003747,Self-Pay,2025-07-29,337,120+,908.82
CLM-004137,Humana Medicare Advantage,2025-07-30,336,120+,5801.26
CLM-007675,Self-Pay,2025-07-30,336,120+,9063.13
CLM-000782,Cigna,2025-07-31,335,120+,817.02
CLM-005049,Medicare,2025-07-31,335,120+,602.4
CLM-011903,Blue Cross Blue Shield,2025-07-31,335,120+,5605.99
CLM-001833,Humana Medicare Advantage,2025-08-01,334,120+,1159.83
CLM-003371,Aetna,2025-08-01,334,120+,5601.17
CLM-004025,Medicare,2025-08-01,334,120+,1243.17
CLM-004112,Medicare,2025-08-01,334,120+,5071.09
CLM-002757,Medicare,2025-08-02,333,120+,668.19
CLM-008101,Self-Pay,2025-08-02,333,120+,1611.32
CLM-009173,Medicare,2025-08-02,333,120+,2752.65
CLM-002850,Humana Medicare Advantage,2025-08-04,331,120+,312.54
CLM-002902,Blue Cross Blue Shield,2025-08-04,331,120+,6014.94
CLM-006414,Medicaid,2025-08-04,331,120+,1844.88
CLM-000944,Medicare,2025-08-06,329,120+,5839.54
CLM-002090,Blue Cross Blue Shield,2025-08-06,329,120+,2554.65
CLM-003912,Blue Cross Blue Shield,2025-08-06,329,120+,449.88
CLM-000134,Aetna,2025-08-07,328,120+,2221.9
CLM-003816,Medicare,2025-08-07,328,120+,4691.23
CLM-011066,Aetna,2025-08-07,328,120+,3411.44
CLM-011412,Medicaid,2025-08-07,328,120+,891.88
CLM-005575,Medicare,2025-08-08,327,120+,6535.54
CLM-007376,Cigna,2025-08-08,327,120+,2938.78
CLM-002542,Blue Cross Blue Shield,2025-08-09,326,120+,3536.18
CLM-003465,Blue Cross Blue Shield,2025-08-09,326,120+,172.46
CLM-004003,Medicare,2025-08-09,326,120+,210.91
CLM-008951,Medicaid,2025-08-09,326,120+,3631.42
CLM-002240,UnitedHealthcare,2025-08-10,325,120+,1387.5
CLM-003882,Blue Cross Blue Shield,2025-08-10,325,120+,2248.89
CLM-006076,Medicare,2025-08-10,325,120+,1364.86
CLM-007608,Medicare,2025-08-11,324,120+,712.42
CLM-011727,Aetna,2025-08-11,324,120+,12759.37
CLM-004792,Aetna,2025-08-13,322,120+,1735.62
CLM-002441,Medicare,2025-08-14,321,120+,468.26
CLM-006559,UnitedHealthcare,2025-08-14,321,120+,2058.36
CLM-011124,UnitedHealthcare,2025-08-14,321,120+,374.93
CLM-006475,Blue Cross Blue Shield,2025-08-15,320,120+,290.85
CLM-008890,Medicaid,2025-08-16,319,120+,3980.08
CLM-003330,Medicaid,2025-08-18,317,120+,1060.73
CLM-010845,Blue Cross Blue Shield,2025-08-18,317,120+,235.47
CLM-000540,Blue Cross Blue Shield,2025-08-19,316,120+,794.24
CLM-000361,Medicare,2025-08-20,315,120+,2347.12
CLM-000580,Blue Cross Blue Shield,2025-08-20,315,120+,6619.28
CLM-002570,Blue Cross Blue Shield,2025-08-20,315,120+,825.32
CLM-006796,Humana Medicare Advantage,2025-08-20,315,120+,945.06
CLM-008455,Medicare,2025-08-20,315,120+,319.27
CLM-010089,Blue Cross Blue Shield,2025-08-20,315,120+,1949.93
CLM-007375,UnitedHealthcare,2025-08-23,312,120+,408.2
CLM-010451,Blue Cross Blue Shield,2025-08-24,311,120+,1127.34
CLM-002371,Medicare,2025-08-25,310,120+,2588.75
CLM-004466,Medicare,2025-08-26,309,120+,1485.47
CLM-005990,UnitedHealthcare,2025-08-26,309,120+,2160.43
CLM-010590,Humana Medicare Advantage,2025-08-26,309,120+,333.24
CLM-000959,Blue Cross Blue Shield,2025-08-27,308,120+,3245.16
CLM-004887,Medicaid,2025-08-27,308,120+,1601.01
CLM-006318,Medicare,2025-08-27,308,120+,2891.29
CLM-002945,Medicare,2025-08-28,307,120+,7026.8
CLM-008635,Blue Cross Blue Shield,2025-08-28,307,120+,1100.07
CLM-011885,Medicare,2025-08-29,306,120+,5447.28
CLM-001762,Humana Medicare Advantage,2025-08-30,305,120+,198.9
CLM-003511,UnitedHealthcare,2025-08-30,305,120+,623.34
CLM-003722,Medicare,2025-08-30,305,120+,3539.82
CLM-005574,Blue Cross Blue Shield,2025-08-30,305,120+,2377.86
CLM-006511,Medicare,2025-08-30,305,120+,467.56
CLM-007303,UnitedHealthcare,2025-08-30,305,120+,7490.89
CLM-007774,Medicaid,2025-08-30,305,120+,13073.45
CLM-003765,Medicare,2025-08-31,304,120+,11857.33
CLM-004577,Self-Pay,2025-08-31,304,120+,1305.97
CLM-006861,Medicaid,2025-08-31,304,120+,12673.74
CLM-003112,UnitedHealthcare,2025-09-01,303,120+,184.29
CLM-005579,Medicaid,2025-09-01,303,120+,26575.4
CLM-002375,Medicare,2025-09-03,301,120+,176.79
CLM-006953,Blue Cross Blue Shield,2025-09-03,301,120+,375.14
CLM-011719,Medicare,2025-09-05,299,120+,3481.72
CLM-011636,Medicaid,2025-09-06,298,120+,928.9
CLM-009218,Medicare,2025-09-07,297,120+,4898.13
CLM-002523,Blue Cross Blue Shield,2025-09-09,295,120+,1910.68
CLM-002767,UnitedHealthcare,2025-09-09,295,120+,228.95
CLM-005022,Medicare,2025-09-09,295,120+,273.9
CLM-007536,UnitedHealthcare,2025-09-09,295,120+,246.96
CLM-008024,Medicare,2025-09-09,295,120+,425.97
CLM-001619,Self-Pay,2025-09-10,294,120+,4064.08
CLM-004481,Medicare,2025-09-10,294,120+,10218.24
CLM-000068,Medicaid,2025-09-11,293,120+,1114.9
CLM-003878,UnitedHealthcare,2025-09-11,293,120+,534.47
CLM-010091,Medicare,2025-09-11,293,120+,6920.94
CLM-008244,Humana Medicare Advantage,2025-09-13,291,120+,2009.84
CLM-007361,Cigna,2025-09-14,290,120+,1328.19
CLM-006144,Medicare,2025-09-15,289,120+,3560.75
CLM-007460,Humana Medicare Advantage,2025-09-15,289,120+,419.11
CLM-011463,UnitedHealthcare,2025-09-15,289,120+,705.55
CLM-000025,Aetna,2025-09-16,288,120+,1149.66
CLM-008820,Cigna,2025-09-16,288,120+,444.85
CLM-009172,Cigna,2025-09-16,288,120+,192.14
CLM-008958,Self-Pay,2025-09-17,287,120+,219.86
CLM-005762,Blue Cross Blue Shield,2025-09-19,285,120+,431.17
CLM-008749,Medicare,2025-09-19,285,120+,15152.19
CLM-010067,Medicare,2025-09-19,285,120+,368.41
CLM-005888,Medicare,2025-09-21,283,120+,8337.15
CLM-005975,Medicare,2025-09-21,283,120+,1180.35
CLM-008082,Humana Medicare Advantage,2025-09-21,283,120+,3696.69
CLM-000261,Medicare,2025-09-22,282,120+,1367.39
CLM-001140,Medicare,2025-09-22,282,120+,179.99
CLM-004482,Cigna,2025-09-22,282,120+,463.29
CLM-000215,Medicaid,2025-09-23,281,120+,796.78
CLM-001232,Medicare,2025-09-23,281,120+,2361.27
CLM-005651,Blue Cross Blue Shield,2025-09-23,281,120+,1756.7
CLM-005077,Medicare,2025-09-24,280,120+,298.85
CLM-002746,UnitedHealthcare,2025-09-25,279,120+,743.05
CLM-007584,Medicaid,2025-09-26,278,120+,212.08
CLM-011107,Blue Cross Blue Shield,2025-09-26,278,120+,828.26
CLM-005251,Cigna,2025-09-28,276,120+,505.38
CLM-003093,Blue Cross Blue Shield,2025-09-29,275,120+,264.4
CLM-004782,Medicare,2025-09-29,275,120+,314.14
CLM-000290,UnitedHealthcare,2025-09-30,274,120+,2122.12
CLM-002211,Medicaid,2025-10-01,273,120+,1643.57
CLM-004891,Blue Cross Blue Shield,2025-10-01,273,120+,1570.64
CLM-006611,Medicare,2025-10-01,273,120+,1350.5
CLM-003610,Medicare,2025-10-02,272,120+,237.95
CLM-005312,Humana Medicare Advantage,2025-10-02,272,120+,1047.77
CLM-001018,Blue Cross Blue Shield,2025-10-03,271,120+,2036.04
CLM-010983,Aetna,2025-10-03,271,120+,11591.8
CLM-002231,Aetna,2025-10-04,270,120+,256.87
CLM-004426,Cigna,2025-10-04,270,120+,306.54
CLM-005465,Medicare,2025-10-04,270,120+,232.85
CLM-005643,Medicare,2025-10-04,270,120+,771.89
CLM-008313,Medicaid,2025-10-04,270,120+,1686.16
CLM-001000,Medicaid,2025-10-05,269,120+,1324.15
CLM-003067,Humana Medicare Advantage,2025-10-05,269,120+,3604.87
CLM-008208,Blue Cross Blue Shield,2025-10-05,269,120+,202.62
CLM-008001,Blue Cross Blue Shield,2025-10-06,268,120+,3543.41
CLM-011228,Blue Cross Blue Shield,2025-10-06,268,120+,145.98
CLM-000421,Blue Cross Blue Shield,2025-10-07,267,120+,247.69
CLM-000604,Medicare,2025-10-07,267,120+,1238.4
CLM-001900,Medicare,2025-10-07,267,120+,1481.82
CLM-002123,Self-Pay,2025-10-07,267,120+,1562.61
CLM-002992,Medicare,2025-10-08,266,120+,536.41
CLM-006727,Medicaid,2025-10-08,266,120+,306.08
CLM-002547,Medicare,2025-10-09,265,120+,1593.58
CLM-003237,Medicare,2025-10-09,265,120+,4324.9
CLM-003736,Cigna,2025-10-09,265,120+,695.43
CLM-003634,Aetna,2025-10-10,264,120+,1526.47
CLM-003887,Aetna,2025-10-11,263,120+,1226.7
CLM-005475,Self-Pay,2025-10-11,263,120+,7062.82
CLM-007699,Medicare,2025-10-11,263,120+,2618.04
CLM-010907,Medicare,2025-10-11,263,120+,8389.73
CLM-006120,Medicare,2025-10-12,262,120+,1806.94
CLM-006143,Medicare,2025-10-12,262,120+,193.04
CLM-005603,Medicare,2025-10-13,261,120+,577.71
CLM-006185,Medicaid,2025-10-13,261,120+,5402.65
CLM-001284,Medicare,2025-10-14,260,120+,5299.2
CLM-008041,Blue Cross Blue Shield,2025-10-14,260,120+,1288.12
CLM-004794,Medicaid,2025-10-15,259,120+,1637.32
CLM-007466,Humana Medicare Advantage,2025-10-15,259,120+,216.97
CLM-007845,Medicare,2025-10-15,259,120+,887.48
CLM-011175,Medicaid,2025-10-15,259,120+,15469.14
CLM-001628,Medicaid,2025-10-16,258,120+,878.71
CLM-003234,Blue Cross Blue Shield,2025-10-16,258,120+,251.24
CLM-005442,Medicare,2025-10-16,258,120+,772.73
CLM-011890,Medicaid,2025-10-16,258,120+,137.65
CLM-005236,Aetna,2025-10-17,257,120+,544.17
CLM-005736,Cigna,2025-10-17,257,120+,368.02
CLM-008486,UnitedHealthcare,2025-10-17,257,120+,450.78
CLM-011422,Medicare,2025-10-17,257,120+,11226.33
CLM-002549,Humana Medicare Advantage,2025-10-18,256,120+,394.84
CLM-002939,Medicare,2025-10-18,256,120+,581.56
CLM-010558,Blue Cross Blue Shield,2025-10-19,255,120+,1326.49
CLM-001753,Medicaid,2025-10-20,254,120+,175.62
CLM-011081,Humana Medicare Advantage,2025-10-20,254,120+,1120.46
CLM-011664,Medicare,2025-10-20,254,120+,713.57
CLM-003474,Medicaid,2025-10-21,253,120+,380.49
CLM-006331,Aetna,2025-10-21,253,120+,2830.86
CLM-008604,Medicaid,2025-10-21,253,120+,1599.77
CLM-009361,Medicare,2025-10-22,252,120+,3151.11
CLM-001397,Blue Cross Blue Shield,2025-10-23,251,120+,6841.55
CLM-009281,Self-Pay,2025-10-23,251,120+,13157.12
CLM-009558,Blue Cross Blue Shield,2025-10-24,250,120+,6457.76
CLM-009594,Cigna,2025-10-24,250,120+,605.54
CLM-011414,Medicare,2025-10-24,250,120+,238.8
CLM-000272,Medicare,2025-10-25,249,120+,960.46
CLM-000856,Medicaid,2025-10-25,249,120+,5472.36
CLM-005329,Medicare,2025-10-25,249,120+,733.45
CLM-005480,UnitedHealthcare,2025-10-25,249,120+,4069.43
CLM-007254,UnitedHealthcare,2025-10-25,249,120+,265.37
CLM-000299,Medicare,2025-10-26,248,120+,185.42
CLM-005517,Medicare,2025-10-26,248,120+,14103.69
CLM-010431,Medicare,2025-10-26,248,120+,4519.87
CLM-003962,UnitedHealthcare,2025-10-27,247,120+,1152.31
CLM-004864,Blue Cross Blue Shield,2025-10-27,247,120+,1285.23
CLM-009509,UnitedHealthcare,2025-10-27,247,120+,1772.28
CLM-010624,Medicare,2025-10-27,247,120+,385.83
CLM-008771,Blue Cross Blue Shield,2025-10-28,246,120+,2309.1
CLM-003350,Aetna,2025-10-29,245,120+,2524.57
CLM-010212,Blue Cross Blue Shield,2025-10-29,245,120+,4782.73
CLM-009535,Cigna,2025-10-30,244,120+,9596.21
CLM-004412,Medicaid,2025-10-31,243,120+,7130.55
CLM-010610,Medicaid,2025-10-31,243,120+,1756.73
CLM-000481,Medicare,2025-11-01,242,120+,919.06
CLM-009055,Aetna,2025-11-01,242,120+,612.47
CLM-004859,Medicare,2025-11-02,241,120+,683.69
CLM-005212,UnitedHealthcare,2025-11-02,241,120+,1267.73
CLM-005433,Medicaid,2025-11-02,241,120+,1820.35
CLM-009471,UnitedHealthcare,2025-11-02,241,120+,3598.55
CLM-004424,Medicare,2025-11-03,240,120+,9739.88
CLM-002759,UnitedHealthcare,2025-11-04,239,120+,305.88
CLM-011375,Medicare,2025-11-04,239,120+,792.73
CLM-000295,Blue Cross Blue Shield,2025-11-05,238,120+,420.88
CLM-002521,UnitedHealthcare,2025-11-05,238,120+,7850.84
CLM-005256,Blue Cross Blue Shield,2025-11-05,238,120+,325.71
CLM-005524,Medicare,2025-11-05,238,120+,1290.25
CLM-005871,Medicaid,2025-11-05,238,120+,916.12
CLM-001300,Self-Pay,2025-11-06,237,120+,971.78
CLM-008174,Medicaid,2025-11-06,237,120+,671.22
CLM-002262,Blue Cross Blue Shield,2025-11-07,236,120+,1989.7
CLM-009493,Medicare,2025-11-07,236,120+,280.49
CLM-000357,Blue Cross Blue Shield,2025-11-08,235,120+,3051.82
CLM-006806,Medicare,2025-11-08,235,120+,296.61
CLM-007972,Blue Cross Blue Shield,2025-11-08,235,120+,139.55
CLM-002731,Aetna,2025-11-09,234,120+,533.65
CLM-001269,Blue Cross Blue Shield,2025-11-11,232,120+,1645.68
CLM-002364,Medicaid,2025-11-11,232,120+,1058.93
CLM-003941,Blue Cross Blue Shield,2025-11-11,232,120+,1262.01
CLM-005072,Humana Medicare Advantage,2025-11-11,232,120+,640.56
CLM-011495,Blue Cross Blue Shield,2025-11-11,232,120+,2487.45
CLM-002494,Medicaid,2025-11-12,231,120+,2308.86
CLM-008857,Blue Cross Blue Shield,2025-11-12,231,120+,203.5
CLM-002829,Medicare,2025-11-13,230,120+,4230.05
CLM-008902,Cigna,2025-11-13,230,120+,178.96
CLM-010116,Aetna,2025-11-13,230,120+,4088.93
CLM-011285,UnitedHealthcare,2025-11-13,230,120+,1800.88
CLM-010308,Blue Cross Blue Shield,2025-11-14,229,120+,170.92
CLM-006415,Self-Pay,2025-11-15,228,120+,1235.77
CLM-011036,UnitedHealthcare,2025-11-15,228,120+,6380.51
CLM-004725,Cigna,2025-11-16,227,120+,837.72
CLM-007379,Medicare,2025-11-16,227,120+,295.91
CLM-002889,UnitedHealthcare,2025-11-17,226,120+,1027.71
CLM-006206,Blue Cross Blue Shield,2025-11-17,226,120+,1224.51
CLM-009301,Blue Cross Blue Shield,2025-11-17,226,120+,8812.18
CLM-001168,Self-Pay,2025-11-18,225,120+,218.07
CLM-001209,Medicare,2025-11-18,225,120+,894.2
CLM-002993,Medicaid,2025-11-18,225,120+,616.3
CLM-004543,Medicaid,2025-11-18,225,120+,1009.15
CLM-005144,Medicaid,2025-11-18,225,120+,3923.69
CLM-006063,UnitedHealthcare,2025-11-18,225,120+,332.14
CLM-000494,Aetna,2025-11-20,223,120+,6321.69
CLM-007605,Medicare,2025-11-20,223,120+,204.87
CLM-005614,Cigna,2025-11-21,222,120+,346.63
CLM-001292,Medicare,2025-11-22,221,120+,215.01
CLM-003080,Cigna,2025-11-23,220,120+,2120.81
CLM-002953,Medicare,2025-11-24,219,120+,886.73
CLM-008146,Blue Cross Blue Shield,2025-11-24,219,120+,1163.51
CLM-008210,UnitedHealthcare,2025-11-24,219,120+,965.26
CLM-003040,Aetna,2025-11-25,218,120+,1253.32
CLM-008226,Medicaid,2025-11-25,218,120+,1962.96
CLM-001870,Blue Cross Blue Shield,2025-11-26,217,120+,454.15
CLM-006805,Medicare,2025-11-26,217,120+,583.8
CLM-004919,Blue Cross Blue Shield,2025-11-27,216,120+,823.25
CLM-000237,Medicare,2025-11-28,215,120+,601.97
CLM-001561,Humana Medicare Advantage,2025-11-28,215,120+,299.14
CLM-003538,Blue Cross Blue Shield,2025-11-28,215,120+,807.51
CLM-006359,Blue Cross Blue Shield,2025-11-29,214,120+,2983.96
CLM-002903,Medicaid,2025-11-30,213,120+,1470.34
CLM-005521,Medicaid,2025-11-30,213,120+,455.7
CLM-007948,Medicare,2025-11-30,213,120+,3432.56
CLM-001844,Humana Medicare Advantage,2025-12-01,212,120+,209.87
CLM-009850,Medicaid,2025-12-01,212,120+,821.25
CLM-011097,UnitedHealthcare,2025-12-01,212,120+,7698.84
CLM-011400,Medicaid,2025-12-01,212,120+,5756.23
CLM-001705,Medicare,2025-12-02,211,120+,318.93
CLM-011405,Cigna,2025-12-02,211,120+,130.6
CLM-003524,UnitedHealthcare,2025-12-03,210,120+,3122.53
CLM-005152,Blue Cross Blue Shield,2025-12-03,210,120+,938.6
CLM-007649,Blue Cross Blue Shield,2025-12-03,210,120+,196.61
CLM-000280,Humana Medicare Advantage,2025-12-06,207,120+,6055.39
CLM-003843,Medicare,2025-12-06,207,120+,446.32
CLM-010383,Medicare,2025-12-06,207,120+,3522.29
CLM-002302,Medicare,2025-12-07,206,120+,8245.56
CLM-006918,Medicare,2025-12-07,206,120+,9442.54
CLM-008751,Medicare,2025-12-07,206,120+,4058.18
CLM-003655,Medicaid,2025-12-08,205,120+,3985.72
CLM-004684,Medicare,2025-12-08,205,120+,6148.11
CLM-010229,Cigna,2025-12-08,205,120+,1355.9
CLM-001884,Humana Medicare Advantage,2025-12-09,204,120+,495.07
CLM-008865,Cigna,2025-12-09,204,120+,898.51
CLM-011796,Medicaid,2025-12-10,203,120+,335.27
CLM-011317,UnitedHealthcare,2025-12-13,200,120+,454.94
CLM-004249,Medicare,2025-12-14,199,120+,643.65
CLM-004589,UnitedHealthcare,2025-12-14,199,120+,331.53
CLM-007765,Medicare,2025-12-16,197,120+,3862.37
CLM-009077,Medicare,2025-12-16,197,120+,5388.4
CLM-011152,Blue Cross Blue Shield,2025-12-16,197,120+,382.4
CLM-002546,Humana Medicare Advantage,2025-12-17,196,120+,766.07
CLM-005987,Medicare,2025-12-18,195,120+,1390.19
CLM-011682,Blue Cross Blue Shield,2025-12-18,195,120+,8060.65
CLM-000646,Medicare,2025-12-20,193,120+,197.46
CLM-008709,Humana Medicare Advantage,2025-12-21,192,120+,2409.75
CLM-009290,UnitedHealthcare,2025-12-21,192,120+,2378.58
CLM-003439,Medicaid,2025-12-22,191,120+,2152.24
CLM-006564,Medicaid,2025-12-22,191,120+,382.08
CLM-011049,UnitedHealthcare,2025-12-22,191,120+,336.2
CLM-004990,Blue Cross Blue Shield,2025-12-23,190,120+,106.26
CLM-006167,Blue Cross Blue Shield,2025-12-23,190,120+,600.66
CLM-009904,Cigna,2025-12-23,190,120+,2601.87
CLM-010968,Blue Cross Blue Shield,2025-12-23,190,120+,1038.86
CLM-009562,Aetna,2025-12-24,189,120+,6995.98
CLM-000390,Blue Cross Blue Shield,2025-12-25,188,120+,357.31
CLM-001472,Medicare,2025-12-25,188,120+,833.51
CLM-003980,Medicare,2025-12-25,188,120+,193.76
CLM-009109,Aetna,2025-12-25,188,120+,1243.16
CLM-009861,Blue Cross Blue Shield,2025-12-25,188,120+,5826.69
CLM-002269,Medicare,2025-12-26,187,120+,8863.6
CLM-002210,Medicare,2025-12-27,186,120+,1163.26
CLM-008229,Aetna,2025-12-27,186,120+,444.9
CLM-009481,Self-Pay,2025-12-27,186,120+,1621.37
CLM-010423,Humana Medicare Advantage,2025-12-27,186,120+,488.65
CLM-000336,Medicare,2025-12-28,185,120+,296.6
CLM-002932,UnitedHealthcare,2025-12-28,185,120+,3645.44
CLM-010583,Medicare,2025-12-28,185,120+,5448.6
CLM-009252,Humana Medicare Advantage,2025-12-29,184,120+,3042.67
CLM-009980,UnitedHealthcare,2025-12-29,184,120+,524.8
CLM-003937,Medicare,2025-12-30,183,120+,3153.7
CLM-005767,Blue Cross Blue Shield,2025-12-30,183,120+,931.69
CLM-007505,Medicare,2025-12-30,183,120+,264.2
CLM-011327,Medicare,2025-12-30,183,120+,2123.03
CLM-000583,Blue Cross Blue Shield,2025-12-31,182,120+,423.36
CLM-008277,Medicare,2025-12-31,182,120+,2369.18
CLM-008699,Humana Medicare Advantage,2025-12-31,182,120+,1006.92
CLM-000750,Medicaid,2026-01-02,180,120+,4009.32
CLM-008899,Cigna,2026-01-03,179,120+,758.19
CLM-005082,Cigna,2026-01-05,177,120+,222.51
CLM-006356,Medicaid,2026-01-05,177,120+,255.22
CLM-006917,Humana Medicare Advantage,2026-01-05,177,120+,3095.95
CLM-007014,Blue Cross Blue Shield,2026-01-05,177,120+,330.61
CLM-009551,Blue Cross Blue Shield,2026-01-05,177,120+,652.9
CLM-011723,Medicaid,2026-01-05,177,120+,2196.14
CLM-008003,Medicaid,2026-01-06,176,120+,6487.03
CLM-001928,Humana Medicare Advantage,2026-01-07,175,120+,828.9
CLM-008731,Medicare,2026-01-07,175,120+,579.82
CLM-009147,Medicare,2026-01-07,175,120+,15615.77
CLM-000648,Medicare,2026-01-08,174,120+,428.62
CLM-000976,Blue Cross Blue Shield,2026-01-09,173,120+,944.41
CLM-002359,Humana Medicare Advantage,2026-01-09,173,120+,1429.58
CLM-007766,Medicaid,2026-01-09,173,120+,1263.07
CLM-011852,Aetna,2026-01-09,173,120+,2652.23
CLM-007091,Medicare,2026-01-10,172,120+,2179.68
CLM-009806,Blue Cross Blue Shield,2026-01-10,172,120+,5111.28
CLM-000990,Blue Cross Blue Shield,2026-01-12,170,120+,557.95
CLM-006616,Medicare,2026-01-12,170,120+,499.72
CLM-001865,Self-Pay,2026-01-13,169,120+,4553.66
CLM-002150,Medicare,2026-01-13,169,120+,405.43
CLM-005406,Medicare,2026-01-13,169,120+,428.8
CLM-001338,Cigna,2026-01-14,168,120+,5446.71
CLM-001741,Cigna,2026-01-15,167,120+,388.2
CLM-006847,Medicare,2026-01-16,166,120+,167.83
CLM-010814,Medicare,2026-01-16,166,120+,386.32
CLM-003567,Medicare,2026-01-18,164,120+,314.2
CLM-004347,Blue Cross Blue Shield,2026-01-18,164,120+,4413.54
CLM-004389,Medicaid,2026-01-18,164,120+,373.67
CLM-010220,UnitedHealthcare,2026-01-18,164,120+,3074.69
CLM-003020,Self-Pay,2026-01-20,162,120+,2200.07
CLM-009507,Medicare,2026-01-20,162,120+,4598.27
CLM-011573,Medicare,2026-01-20,162,120+,1370.57
CLM-009152,UnitedHealthcare,2026-01-21,161,120+,352.68
CLM-008038,Blue Cross Blue Shield,2026-01-22,160,120+,5307.94
CLM-002114,Humana Medicare Advantage,2026-01-24,158,120+,1413.4
CLM-008743,Blue Cross Blue Shield,2026-01-24,158,120+,555.75
CLM-009742,Medicaid,2026-01-24,158,120+,246.4
CLM-000411,Aetna,2026-01-25,157,120+,1330.57
CLM-007934,UnitedHealthcare,2026-01-25,157,120+,3624.57
CLM-009960,Cigna,2026-01-25,157,120+,3428.28
CLM-006150,Blue Cross Blue Shield,2026-01-26,156,120+,4264.55
CLM-011179,Medicaid,2026-01-26,156,120+,956.11
CLM-003891,Cigna,2026-01-27,155,120+,9872.17
CLM-006625,UnitedHealthcare,2026-01-27,155,120+,823.24
CLM-006729,Medicare,2026-01-27,155,120+,1573.3
CLM-009057,Aetna,2026-01-28,154,120+,2320.95
CLM-003298,Aetna,2026-01-30,152,120+,1221.01
CLM-004734,Medicare,2026-01-30,152,120+,6154.78
CLM-009561,Cigna,2026-01-30,152,120+,713.5
CLM-003802,Medicare,2026-01-31,151,120+,3438.01
CLM-008801,UnitedHealthcare,2026-01-31,151,120+,289.06
CLM-007743,UnitedHealthcare,2026-02-01,150,120+,8042.53
CLM-001663,Cigna,2026-02-02,149,120+,1017.8
CLM-003310,Cigna,2026-02-02,149,120+,1157.79
CLM-009591,Medicare,2026-02-02,149,120+,196.75
CLM-010963,UnitedHealthcare,2026-02-02,149,120+,2020.56
CLM-011169,Blue Cross Blue Shield,2026-02-02,149,120+,2182.13
CLM-005060,Cigna,2026-02-03,148,120+,759.33
CLM-000612,Cigna,2026-02-05,146,120+,324.69
CLM-011696,Humana Medicare Advantage,2026-02-05,146,120+,597.96
CLM-000731,Blue Cross Blue Shield,2026-02-06,145,120+,746.43
CLM-004006,Medicare,2026-02-07,144,120+,6439.84
CLM-004940,Blue Cross Blue Shield,2026-02-07,144,120+,3028.56
CLM-006452,Medicaid,2026-02-07,144,120+,1032.2
CLM-007910,Aetna,2026-02-07,144,120+,4042.66
CLM-008688,Aetna,2026-02-07,144,120+,2060.76
CLM-000615,Blue Cross Blue Shield,2026-02-08,143,120+,603.8
CLM-009103,Medicare,2026-02-09,142,120+,3631.1
CLM-002479,Aetna,2026-02-10,141,120+,1018.73
CLM-008529,Blue Cross Blue Shield,2026-02-10,141,120+,3725.21
CLM-000380,Medicare,2026-02-11,140,120+,1075.46
CLM-006372,Medicaid,2026-02-11,140,120+,14408.22
CLM-003946,Medicare,2026-02-12,139,120+,1137.57
CLM-005807,Blue Cross Blue Shield,2026-02-13,138,120+,1172.94
CLM-010646,Cigna,2026-02-13,138,120+,308.68
CLM-001910,Medicaid,2026-02-14,137,120+,960.99
CLM-009596,Medicaid,2026-02-14,137,120+,2221.71
CLM-002366,Medicaid,2026-02-16,135,120+,177.01
CLM-008940,Blue Cross Blue Shield,2026-02-16,135,120+,9563.78
CLM-009464,Medicaid,2026-02-16,135,120+,2236.6
CLM-003715,Medicare,2026-02-17,134,120+,999.34
CLM-010529,Humana Medicare Advantage,2026-02-18,133,120+,165.22
CLM-010573,Self-Pay,2026-02-18,133,120+,4553.63
CLM-004447,UnitedHealthcare,2026-02-19,132,120+,1026.21
CLM-003355,UnitedHealthcare,2026-02-20,131,120+,1056.39
CLM-009753,Medicare,2026-02-20,131,120+,654.0
CLM-005642,Humana Medicare Advantage,2026-02-22,129,120+,1771.3
CLM-010327,Medicare,2026-02-22,129,120+,753.36
CLM-011487,Medicaid,2026-02-22,129,120+,4474.44
CLM-003159,Blue Cross Blue Shield,2026-02-23,128,120+,2138.47
CLM-007987,Blue Cross Blue Shield,2026-02-23,128,120+,1384.49
CLM-010122,Humana Medicare Advantage,2026-02-23,128,120+,252.71
CLM-002773,Medicaid,2026-02-24,127,120+,6381.3
CLM-003233,Blue Cross Blue Shield,2026-02-24,127,120+,285.65
CLM-008664,Blue Cross Blue Shield,2026-02-24,127,120+,194.97
CLM-009712,Humana Medicare Advantage,2026-02-24,127,120+,1031.78
CLM-010455,Medicare,2026-02-24,127,120+,2789.55
CLM-007631,Medicare,2026-02-26,125,120+,313.25
CLM-009863,UnitedHealthcare,2026-02-26,125,120+,2454.66
CLM-002675,UnitedHealthcare,2026-02-27,124,120+,3296.98
CLM-000700,Aetna,2026-02-28,123,120+,5753.52
CLM-002904,Medicare,2026-02-28,123,120+,473.6
CLM-010627,Self-Pay,2026-02-28,123,120+,1432.7
CLM-011056,Medicare,2026-02-28,123,120+,1627.05
CLM-006533,Humana Medicare Advantage,2026-03-01,122,120+,601.66
CLM-011063,Aetna,2026-03-01,122,120+,2286.45
CLM-000568,Medicare,2026-03-02,121,120+,1975.56
CLM-005002,UnitedHealthcare,2026-03-02,121,120+,226.39
CLM-004730,Medicare,2026-03-03,120,91-120,1749.58
CLM-005852,Aetna,2026-03-04,119,91-120,4000.47
CLM-006201,Aetna,2026-03-04,119,91-120,2057.92
CLM-008860,Medicaid,2026-03-04,119,91-120,5628.79
CLM-001668,Medicaid,2026-03-05,118,91-120,1116.02
CLM-002811,Medicare,2026-03-05,118,91-120,946.53
CLM-008205,UnitedHealthcare,2026-03-05,118,91-120,9043.2
CLM-007652,Blue Cross Blue Shield,2026-03-08,115,91-120,1042.58
CLM-004155,Blue Cross Blue Shield,2026-03-09,114,91-120,9062.0
CLM-006498,Cigna,2026-03-09,114,91-120,1404.95
CLM-006707,Self-Pay,2026-03-09,114,91-120,357.27
CLM-010965,UnitedHealthcare,2026-03-09,114,91-120,1664.1
CLM-005093,Blue Cross Blue Shield,2026-03-11,112,91-120,4975.22
CLM-006513,Blue Cross Blue Shield,2026-03-12,111,91-120,1129.97
CLM-008290,Medicare,2026-03-12,111,91-120,2092.45
CLM-000797,Aetna,2026-03-13,110,91-120,615.11
CLM-011950,Medicaid,2026-03-14,109,91-120,143.63
CLM-007495,Medicaid,2026-03-15,108,91-120,859.68
CLM-007785,Blue Cross Blue Shield,2026-03-15,108,91-120,124.82
CLM-011296,Medicare,2026-03-15,108,91-120,3435.73
CLM-001138,Blue Cross Blue Shield,2026-03-16,107,91-120,2141.13
CLM-002056,Blue Cross Blue Shield,2026-03-16,107,91-120,3428.49
CLM-005185,UnitedHealthcare,2026-03-16,107,91-120,326.11
CLM-000883,Blue Cross Blue Shield,2026-03-17,106,91-120,571.99
CLM-010970,Medicaid,2026-03-17,106,91-120,581.27
CLM-001082,Humana Medicare Advantage,2026-03-18,105,91-120,165.27
CLM-001185,Medicare,2026-03-18,105,91-120,3179.59
CLM-005099,Humana Medicare Advantage,2026-03-18,105,91-120,803.3
CLM-007097,Medicaid,2026-03-19,104,91-120,3698.21
CLM-007578,Medicare,2026-03-19,104,91-120,1348.17
CLM-011497,Medicare,2026-03-21,102,91-120,634.69
CLM-003092,Aetna,2026-03-23,100,91-120,1011.17
CLM-001763,Medicare,2026-03-24,99,91-120,264.1
CLM-002613,UnitedHealthcare,2026-03-25,98,91-120,11299.63
CLM-011609,Medicare,2026-03-26,97,91-120,454.39
CLM-007356,Medicare,2026-03-27,96,91-120,3560.48
CLM-011134,Blue Cross Blue Shield,2026-03-27,96,91-120,445.28
CLM-011377,Medicare,2026-03-28,95,91-120,9823.34
CLM-002106,Medicare,2026-03-29,94,91-120,1112.92
CLM-002696,Cigna,2026-03-30,93,91-120,2839.4
CLM-004870,Medicaid,2026-03-30,93,91-120,371.59
CLM-011231,Medicare,2026-03-31,92,91-120,249.81
CLM-000674,Medicare,2026-04-01,91,91-120,556.99
CLM-011566,Cigna,2026-04-01,91,91-120,1367.94
CLM-001090,Medicare,2026-04-02,90,61-90,970.85
CLM-005896,Medicaid,2026-04-02,90,61-90,4098.98
CLM-000950,UnitedHealthcare,2026-04-03,89,61-90,1177.25
CLM-007615,UnitedHealthcare,2026-04-03,89,61-90,802.62
CLM-008474,Blue Cross Blue Shield,2026-04-03,89,61-90,232.51
CLM-010088,Medicare,2026-04-03,89,61-90,6868.94
CLM-010343,UnitedHealthcare,2026-04-03,89,61-90,973.49
CLM-005664,Self-Pay,2026-04-04,88,61-90,2779.36
CLM-007891,Blue Cross Blue Shield,2026-04-04,88,61-90,10628.53
CLM-009782,UnitedHealthcare,2026-04-04,88,61-90,1351.72
CLM-011075,Medicare,2026-04-04,88,61-90,2936.02
CLM-011593,Blue Cross Blue Shield,2026-04-04,88,61-90,688.59
CLM-007035,Medicare,2026-04-05,87,61-90,3626.32
CLM-007800,Medicare,2026-04-06,86,61-90,3437.23
CLM-004825,Medicare,2026-04-07,85,61-90,7208.34
CLM-000767,Blue Cross Blue Shield,2026-04-08,84,61-90,264.13
CLM-002971,UnitedHealthcare,2026-04-08,84,61-90,1768.69
CLM-005729,Medicaid,2026-04-08,84,61-90,3406.56
CLM-006567,UnitedHealthcare,2026-04-08,84,61-90,1254.98
CLM-008148,Medicare,2026-04-08,84,61-90,6568.04
CLM-008168,Medicare,2026-04-08,84,61-90,6453.07
CLM-001486,Medicaid,2026-04-10,82,61-90,1717.35
CLM-010176,Cigna,2026-04-10,82,61-90,1881.36
CLM-002936,UnitedHealthcare,2026-04-12,80,61-90,3678.88
CLM-009375,Self-Pay,2026-04-12,80,61-90,1637.09
CLM-001198,UnitedHealthcare,2026-04-13,79,61-90,9365.71
CLM-007638,Blue Cross Blue Shield,2026-04-13,79,61-90,402.38
CLM-001123,Medicare,2026-04-14,78,61-90,12590.2
CLM-001834,Blue Cross Blue Shield,2026-04-14,78,61-90,538.61
CLM-003872,Aetna,2026-04-14,78,61-90,3819.9
CLM-004803,Cigna,2026-04-14,78,61-90,2283.84
CLM-006826,Medicaid,2026-04-14,78,61-90,308.04
CLM-009826,UnitedHealthcare,2026-04-14,78,61-90,857.14
CLM-010835,Medicare,2026-04-14,78,61-90,431.2
CLM-000949,Medicare,2026-04-16,76,61-90,319.75
CLM-006678,Aetna,2026-04-16,76,61-90,11208.4
CLM-004889,Medicaid,2026-04-17,75,61-90,909.26
CLM-007315,Blue Cross Blue Shield,2026-04-18,74,61-90,1637.51
CLM-000908,Aetna,2026-04-19,73,61-90,2448.99
CLM-010450,UnitedHealthcare,2026-04-19,73,61-90,3688.17
CLM-000861,Blue Cross Blue Shield,2026-04-20,72,61-90,750.65
CLM-005492,Blue Cross Blue Shield,2026-04-20,72,61-90,417.72
CLM-005700,Humana Medicare Advantage,2026-04-20,72,61-90,2168.43
CLM-005449,Cigna,2026-04-21,71,61-90,1180.86
CLM-011409,UnitedHealthcare,2026-04-22,70,61-90,2594.03
CLM-002418,Medicare,2026-04-23,69,61-90,8927.43
CLM-005303,Blue Cross Blue Shield,2026-04-23,69,61-90,1279.17
CLM-005602,Medicare,2026-04-23,69,61-90,765.97
CLM-007554,Aetna,2026-04-23,69,61-90,6868.89
CLM-008904,Medicaid,2026-04-23,69,61-90,1482.18
CLM-011355,Medicare,2026-04-23,69,61-90,1470.97
CLM-000745,Humana Medicare Advantage,2026-04-24,68,61-90,253.18
CLM-000946,UnitedHealthcare,2026-04-24,68,61-90,205.32
CLM-010335,UnitedHealthcare,2026-04-24,68,61-90,6512.09
CLM-001305,Medicare,2026-04-25,67,61-90,13059.01
CLM-000632,Medicare,2026-04-26,66,61-90,106.83
CLM-007327,Blue Cross Blue Shield,2026-04-26,66,61-90,6013.43
CLM-011207,Self-Pay,2026-04-26,66,61-90,6415.21
CLM-002807,Blue Cross Blue Shield,2026-04-27,65,61-90,150.62
CLM-003313,UnitedHealthcare,2026-04-27,65,61-90,664.83
CLM-010717,Blue Cross Blue Shield,2026-04-27,65,61-90,10511.14
CLM-005769,Blue Cross Blue Shield,2026-04-29,63,61-90,1594.93
CLM-007149,Humana Medicare Advantage,2026-04-30,62,61-90,12939.92
CLM-008531,Medicaid,2026-04-30,62,61-90,1367.34
CLM-001758,UnitedHealthcare,2026-05-01,61,61-90,1178.37
CLM-005533,UnitedHealthcare,2026-05-01,61,61-90,2266.06
CLM-003629,Aetna,2026-05-02,60,31-60,7892.76
CLM-005166,Medicare,2026-05-03,59,31-60,2681.11
CLM-010347,Cigna,2026-05-03,59,31-60,5744.1
CLM-002532,Medicare,2026-05-04,58,31-60,993.74
CLM-009412,Blue Cross Blue Shield,2026-05-04,58,31-60,282.82
CLM-011786,UnitedHealthcare,2026-05-04,58,31-60,284.58
CLM-001329,Medicare,2026-05-06,56,31-60,422.14
CLM-001683,UnitedHealthcare,2026-05-06,56,31-60,3544.34
CLM-011084,Medicare,2026-05-07,55,31-60,872.72
CLM-010333,Cigna,2026-05-08,54,31-60,5710.89
CLM-011398,Medicare,2026-05-08,54,31-60,3624.82
CLM-003244,Medicare,2026-05-09,53,31-60,1268.67
CLM-001899,Aetna,2026-05-10,52,31-60,283.08
CLM-005856,Medicare,2026-05-10,52,31-60,502.0
CLM-001407,Medicaid,2026-05-11,51,31-60,3772.11
CLM-006522,Humana Medicare Advantage,2026-05-11,51,31-60,780.02
CLM-008611,Medicare,2026-05-11,51,31-60,638.75
CLM-010080,Blue Cross Blue Shield,2026-05-11,51,31-60,1335.22
CLM-005808,Aetna,2026-05-12,50,31-60,1871.97
CLM-006018,Medicare,2026-05-12,50,31-60,2943.8
CLM-008069,Blue Cross Blue Shield,2026-05-12,50,31-60,754.44
CLM-009208,Medicaid,2026-05-12,50,31-60,562.69
CLM-010735,Medicaid,2026-05-12,50,31-60,3867.14
CLM-011298,Medicare,2026-05-12,50,31-60,1719.78
CLM-011969,Blue Cross Blue Shield,2026-05-12,50,31-60,4736.62
CLM-006481,Cigna,2026-05-13,49,31-60,3022.88
CLM-008661,Medicare,2026-05-13,49,31-60,1980.72
CLM-010930,Blue Cross Blue Shield,2026-05-13,49,31-60,591.42
CLM-000110,Cigna,2026-05-14,48,31-60,415.11
CLM-005100,Blue Cross Blue Shield,2026-05-15,47,31-60,1013.28
CLM-007603,Medicare,2026-05-15,47,31-60,555.33
CLM-007635,Cigna,2026-05-15,47,31-60,1943.67
CLM-008633,Medicare,2026-05-15,47,31-60,1303.74
CLM-001982,Cigna,2026-05-16,46,31-60,808.55
CLM-007342,UnitedHealthcare,2026-05-16,46,31-60,1029.31
CLM-000228,Humana Medicare Advantage,2026-05-17,45,31-60,1333.93
CLM-003821,Blue Cross Blue Shield,2026-05-17,45,31-60,763.19
CLM-000974,Blue Cross Blue Shield,2026-05-18,44,31-60,6811.33
CLM-004705,UnitedHealthcare,2026-05-18,44,31-60,3649.25
CLM-006866,Medicaid,2026-05-18,44,31-60,389.1
CLM-007351,Self-Pay,2026-05-18,44,31-60,8044.48
CLM-008322,Medicaid,2026-05-18,44,31-60,1259.97
CLM-009164,Medicaid,2026-05-18,44,31-60,832.48
CLM-009389,Medicare,2026-05-18,44,31-60,3716.38
CLM-000796,Aetna,2026-05-19,43,31-60,2285.9
CLM-001219,UnitedHealthcare,2026-05-19,43,31-60,433.5
CLM-002061,Cigna,2026-05-19,43,31-60,1817.5
CLM-002963,Medicare,2026-05-19,43,31-60,216.72
CLM-003399,Medicare,2026-05-19,43,31-60,340.58
CLM-007995,Medicare,2026-05-19,43,31-60,1551.94
CLM-008546,UnitedHealthcare,2026-05-19,43,31-60,478.3
CLM-008578,Blue Cross Blue Shield,2026-05-19,43,31-60,2360.45
CLM-001634,Blue Cross Blue Shield,2026-05-20,42,31-60,2163.83
CLM-001779,Cigna,2026-05-20,42,31-60,442.29
CLM-002130,Medicare,2026-05-20,42,31-60,1689.62
CLM-004673,UnitedHealthcare,2026-05-20,42,31-60,947.87
CLM-006787,Cigna,2026-05-20,42,31-60,410.44
CLM-006995,Medicare,2026-05-20,42,31-60,3688.79
CLM-008884,Humana Medicare Advantage,2026-05-20,42,31-60,254.78
CLM-009534,Medicare,2026-05-20,42,31-60,3505.7
CLM-011300,Aetna,2026-05-20,42,31-60,8226.78
CLM-000446,Cigna,2026-05-21,41,31-60,521.67
CLM-000585,Humana Medicare Advantage,2026-05-21,41,31-60,4438.31
CLM-001572,Blue Cross Blue Shield,2026-05-21,41,31-60,8621.4
CLM-001654,UnitedHealthcare,2026-05-21,41,31-60,1173.7
CLM-001921,Humana Medicare Advantage,2026-05-21,41,31-60,219.15
CLM-002347,Aetna,2026-05-21,41,31-60,2098.62
CLM-002498,Blue Cross Blue Shield,2026-05-21,41,31-60,810.84
CLM-002804,Medicaid,2026-05-21,41,31-60,472.8
CLM-008639,Cigna,2026-05-21,41,31-60,1736.86
CLM-010925,Medicare,2026-05-21,41,31-60,1842.35
CLM-011033,Blue Cross Blue Shield,2026-05-21,41,31-60,1606.42
CLM-000671,Aetna,2026-05-22,40,31-60,1033.28
CLM-002964,Humana Medicare Advantage,2026-05-22,40,31-60,1510.94
CLM-003957,Blue Cross Blue Shield,2026-05-22,40,31-60,1363.11
CLM-004420,Blue Cross Blue Shield,2026-05-22,40,31-60,463.52
CLM-006555,Blue Cross Blue Shield,2026-05-22,40,31-60,823.16
CLM-010826,Medicaid,2026-05-22,40,31-60,7244.19
CLM-000045,Humana Medicare Advantage,2026-05-23,39,31-60,8839.86
CLM-004031,Humana Medicare Advantage,2026-05-23,39,31-60,240.52
CLM-006539,UnitedHealthcare,2026-05-23,39,31-60,696.64
CLM-008748,UnitedHealthcare,2026-05-23,39,31-60,172.25
CLM-011887,UnitedHealthcare,2026-05-23,39,31-60,255.35
CLM-001203,Blue Cross Blue Shield,2026-05-24,38,31-60,6299.32
CLM-005026,Medicare,2026-05-24,38,31-60,834.07
CLM-005774,Medicare,2026-05-24,38,31-60,1489.83
CLM-005841,Medicaid,2026-05-24,38,31-60,3035.38
CLM-008933,Aetna,2026-05-24,38,31-60,154.42
CLM-010588,Blue Cross Blue Shield,2026-05-24,38,31-60,647.86
CLM-011088,Medicare,2026-05-24,38,31-60,619.42
CLM-000474,Aetna,2026-05-25,37,31-60,3551.49
CLM-000870,Medicare,2026-05-25,37,31-60,763.55
CLM-000893,UnitedHealthcare,2026-05-25,37,31-60,371.37
CLM-003354,UnitedHealthcare,2026-05-25,37,31-60,952.43
CLM-004677,Blue Cross Blue Shield,2026-05-25,37,31-60,9295.51
CLM-005584,UnitedHealthcare,2026-05-25,37,31-60,3861.84
CLM-005793,Cigna,2026-05-25,37,31-60,804.44
CLM-005995,Cigna,2026-05-25,37,31-60,301.9
CLM-006089,Humana Medicare Advantage,2026-05-25,37,31-60,2678.1
CLM-000066,Medicare,2026-05-26,36,31-60,172.73
CLM-000220,Cigna,2026-05-26,36,31-60,465.49
CLM-004875,Medicaid,2026-05-26,36,31-60,3041.37
CLM-005418,Cigna,2026-05-26,36,31-60,354.46
CLM-005669,Medicaid,2026-05-26,36,31-60,2004.15
CLM-005917,UnitedHealthcare,2026-05-26,36,31-60,5917.16
CLM-007884,Aetna,2026-05-26,36,31-60,3014.18
CLM-008045,Cigna,2026-05-26,36,31-60,5525.74
CLM-008083,Medicaid,2026-05-26,36,31-60,2706.96
CLM-008548,Medicaid,2026-05-26,36,31-60,358.08
CLM-010242,Humana Medicare Advantage,2026-05-26,36,31-60,3830.66
CLM-004713,Medicare,2026-05-27,35,31-60,1098.18
CLM-005989,Humana Medicare Advantage,2026-05-27,35,31-60,890.03
CLM-007763,Blue Cross Blue Shield,2026-05-27,35,31-60,848.73
CLM-009944,Medicare,2026-05-27,35,31-60,10561.79
CLM-001102,Aetna,2026-05-28,34,31-60,654.91
CLM-001288,Cigna,2026-05-28,34,31-60,753.45
CLM-003470,Medicare,2026-05-28,34,31-60,479.93
CLM-003554,UnitedHealthcare,2026-05-28,34,31-60,1027.78
CLM-004461,Self-Pay,2026-05-28,34,31-60,888.75
CLM-005926,Medicare,2026-05-28,34,31-60,688.71
CLM-007538,Blue Cross Blue Shield,2026-05-28,34,31-60,1543.06
CLM-008172,Self-Pay,2026-05-28,34,31-60,3200.69
CLM-009414,UnitedHealthcare,2026-05-28,34,31-60,189.64
CLM-009934,Blue Cross Blue Shield,2026-05-28,34,31-60,12610.73
CLM-002116,Medicaid,2026-05-29,33,31-60,4448.56
CLM-002401,Cigna,2026-05-29,33,31-60,940.76
CLM-002415,Medicare,2026-05-29,33,31-60,894.87
CLM-003108,Aetna,2026-05-29,33,31-60,7510.63
CLM-003559,UnitedHealthcare,2026-05-29,33,31-60,319.22
CLM-004551,Medicaid,2026-05-29,33,31-60,1502.29
CLM-004637,Medicaid,2026-05-29,33,31-60,422.59
CLM-005968,Medicaid,2026-05-29,33,31-60,4880.76
CLM-007075,Blue Cross Blue Shield,2026-05-29,33,31-60,6151.68
CLM-008131,Medicare,2026-05-29,33,31-60,7182.03
CLM-008276,UnitedHealthcare,2026-05-29,33,31-60,1390.11
CLM-008869,Medicare,2026-05-29,33,31-60,1588.11
CLM-009801,Cigna,2026-05-29,33,31-60,494.4
CLM-010191,Medicaid,2026-05-29,33,31-60,26062.91
CLM-010777,Medicare,2026-05-29,33,31-60,1749.46
CLM-000246,Blue Cross Blue Shield,2026-05-30,32,31-60,326.91
CLM-005654,Medicaid,2026-05-30,32,31-60,4787.19
CLM-006179,Cigna,2026-05-30,32,31-60,2242.61
CLM-007231,Blue Cross Blue Shield,2026-05-30,32,31-60,425.3
CLM-007604,Humana Medicare Advantage,2026-05-30,32,31-60,8025.1
CLM-008732,Cigna,2026-05-30,32,31-60,267.44
CLM-009346,Medicaid,2026-05-30,32,31-60,366.5
CLM-001077,Medicare,2026-05-31,31,31-60,18388.98
CLM-004571,Blue Cross Blue Shield,2026-05-31,31,31-60,860.15
CLM-005658,Cigna,2026-05-31,31,31-60,7039.54
CLM-008383,Aetna,2026-05-31,31,31-60,6725.45
CLM-011639,Self-Pay,2026-05-31,31,31-60,1983.69
CLM-003291,UnitedHealthcare,2026-06-01,30,0-30,1210.15
CLM-003547,Aetna,2026-06-01,30,0-30,6730.84
CLM-003903,Medicare,2026-06-01,30,0-30,8847.82
CLM-005140,Medicare,2026-06-01,30,0-30,3206.42
CLM-007985,UnitedHealthcare,2026-06-01,30,0-30,4863.17
CLM-008415,Blue Cross Blue Shield,2026-06-01,30,0-30,8204.91
CLM-008663,Humana Medicare Advantage,2026-06-01,30,0-30,1869.32
CLM-010791,Aetna,2026-06-01,30,0-30,444.59
CLM-002981,Humana Medicare Advantage,2026-06-02,29,0-30,1084.99
CLM-007215,Blue Cross Blue Shield,2026-06-02,29,0-30,852.26
CLM-008761,Medicare,2026-06-02,29,0-30,10198.2
CLM-000572,Cigna,2026-06-03,28,0-30,801.77
CLM-000969,UnitedHealthcare,2026-06-03,28,0-30,245.53
CLM-001956,Blue Cross Blue Shield,2026-06-03,28,0-30,2009.48
CLM-003015,Blue Cross Blue Shield,2026-06-03,28,0-30,8336.51
CLM-003401,Aetna,2026-06-03,28,0-30,1628.91
CLM-004188,Blue Cross Blue Shield,2026-06-03,28,0-30,712.35
CLM-006365,Cigna,2026-06-03,28,0-30,779.06
CLM-007311,Medicaid,2026-06-03,28,0-30,2747.35
CLM-008077,Cigna,2026-06-03,28,0-30,431.88
CLM-009133,Medicaid,2026-06-03,28,0-30,694.33
CLM-011958,Cigna,2026-06-03,28,0-30,746.48
CLM-001215,Medicaid,2026-06-04,27,0-30,191.97
CLM-001220,Self-Pay,2026-06-04,27,0-30,7168.93
CLM-002385,Medicare,2026-06-04,27,0-30,2347.41
CLM-003120,Blue Cross Blue Shield,2026-06-04,27,0-30,5333.47
CLM-003614,Cigna,2026-06-04,27,0-30,10620.51
CLM-004278,Humana Medicare Advantage,2026-06-04,27,0-30,7047.66
CLM-007467,UnitedHealthcare,2026-06-04,27,0-30,1003.97
CLM-007527,Medicare,2026-06-04,27,0-30,698.43
CLM-009545,UnitedHealthcare,2026-06-04,27,0-30,3201.03
CLM-010032,Medicare,2026-06-04,27,0-30,1135.17
CLM-010036,Aetna,2026-06-04,27,0-30,7585.55
CLM-010295,Humana Medicare Advantage,2026-06-04,27,0-30,177.41
CLM-001589,Humana Medicare Advantage,2026-06-05,26,0-30,602.22
CLM-002045,Humana Medicare Advantage,2026-06-05,26,0-30,7468.55
CLM-002916,Blue Cross Blue Shield,2026-06-05,26,0-30,4475.97
CLM-003776,Cigna,2026-06-05,26,0-30,389.94
CLM-004007,Medicare,2026-06-05,26,0-30,5024.29
CLM-007331,Blue Cross Blue Shield,2026-06-05,26,0-30,632.95
CLM-008328,Medicaid,2026-06-05,26,0-30,610.54
CLM-009058,Blue Cross Blue Shield,2026-06-05,26,0-30,1676.97
CLM-010489,Medicaid,2026-06-05,26,0-30,6053.67
CLM-011421,Medicaid,2026-06-05,26,0-30,1234.88
CLM-000257,Medicaid,2026-06-06,25,0-30,1251.43
CLM-001535,Cigna,2026-06-06,25,0-30,308.45
CLM-002563,UnitedHealthcare,2026-06-06,25,0-30,836.67
CLM-002822,Aetna,2026-06-06,25,0-30,132.16
CLM-003181,Medicaid,2026-06-06,25,0-30,1096.5
CLM-004353,UnitedHealthcare,2026-06-06,25,0-30,916.45
CLM-004661,Self-Pay,2026-06-06,25,0-30,7996.98
CLM-005401,Medicare,2026-06-06,25,0-30,8976.51
CLM-006668,UnitedHealthcare,2026-06-06,25,0-30,2246.04
CLM-006892,Medicare,2026-06-06,25,0-30,7671.47
CLM-007529,Medicare,2026-06-06,25,0-30,6888.49
CLM-008351,UnitedHealthcare,2026-06-06,25,0-30,8907.39
CLM-009230,Self-Pay,2026-06-06,25,0-30,1368.54
CLM-009734,Blue Cross Blue Shield,2026-06-06,25,0-30,834.39
CLM-010712,Aetna,2026-06-06,25,0-30,654.12
CLM-011301,UnitedHealthcare,2026-06-06,25,0-30,5137.64
CLM-004356,Blue Cross Blue Shield,2026-06-07,24,0-30,14273.56
CLM-006699,Humana Medicare Advantage,2026-06-07,24,0-30,281.64
CLM-008157,Medicaid,2026-06-07,24,0-30,761.87
CLM-010388,Medicare,2026-06-07,24,0-30,3815.86
CLM-001278,Medicaid,2026-06-08,23,0-30,1307.44
CLM-002055,Aetna,2026-06-08,23,0-30,1341.74
CLM-002735,UnitedHealthcare,2026-06-08,23,0-30,1195.89
CLM-003029,Blue Cross Blue Shield,2026-06-08,23,0-30,3656.92
CLM-003763,Medicare,2026-06-08,23,0-30,921.01
CLM-004767,Medicaid,2026-06-08,23,0-30,8633.55
CLM-005075,Self-Pay,2026-06-08,23,0-30,5183.0
CLM-005421,Cigna,2026-06-08,23,0-30,4166.45
CLM-006213,Medicaid,2026-06-08,23,0-30,317.78
CLM-006983,Blue Cross Blue Shield,2026-06-08,23,0-30,756.36
CLM-008129,Medicaid,2026-06-08,23,0-30,1430.51
CLM-009615,UnitedHealthcare,2026-06-08,23,0-30,682.93
CLM-011054,Blue Cross Blue Shield,2026-06-08,23,0-30,1349.54
CLM-000906,Blue Cross Blue Shield,2026-06-09,22,0-30,10790.61
CLM-000922,Blue Cross Blue Shield,2026-06-09,22,0-30,1376.67
CLM-003402,Humana Medicare Advantage,2026-06-09,22,0-30,2252.39
CLM-004374,UnitedHealthcare,2026-06-09,22,0-30,1093.1
CLM-004707,UnitedHealthcare,2026-06-09,22,0-30,8369.3
CLM-007281,Medicaid,2026-06-09,22,0-30,223.49
CLM-008424,UnitedHealthcare,2026-06-09,22,0-30,2481.58
CLM-010744,Cigna,2026-06-09,22,0-30,87.49
CLM-000335,Medicare,2026-06-10,21,0-30,412.83
CLM-000847,Medicare,2026-06-10,21,0-30,2728.89
CLM-004847,Medicare,2026-06-10,21,0-30,210.42
CLM-011114,Medicaid,2026-06-10,21,0-30,273.03
CLM-011290,Blue Cross Blue Shield,2026-06-10,21,0-30,1916.58
CLM-001396,Medicare,2026-06-11,20,0-30,13651.19
CLM-001990,Medicare,2026-06-11,20,0-30,936.35
CLM-002833,Cigna,2026-06-11,20,0-30,16725.17
CLM-004665,Medicaid,2026-06-11,20,0-30,141.21
CLM-006658,Medicare,2026-06-11,20,0-30,406.42
CLM-007358,Aetna,2026-06-11,20,0-30,637.92
CLM-007838,Medicare,2026-06-11,20,0-30,551.13
CLM-010462,UnitedHealthcare,2026-06-11,20,0-30,350.67
CLM-010571,Medicare,2026-06-11,20,0-30,464.33
CLM-010599,Medicare,2026-06-11,20,0-30,285.68
CLM-011423,Blue Cross Blue Shield,2026-06-11,20,0-30,743.57
CLM-011985,Medicaid,2026-06-11,20,0-30,405.21
CLM-000824,Humana Medicare Advantage,2026-06-12,19,0-30,5190.23
CLM-000836,Humana Medicare Advantage,2026-06-12,19,0-30,2641.46
CLM-000881,UnitedHealthcare,2026-06-12,19,0-30,2325.99
CLM-000954,Cigna,2026-06-12,19,0-30,337.45
CLM-003587,Cigna,2026-06-12,19,0-30,239.65
CLM-003801,Medicare,2026-06-12,19,0-30,5254.58
CLM-003830,Blue Cross Blue Shield,2026-06-12,19,0-30,370.14
CLM-004115,Humana Medicare Advantage,2026-06-12,19,0-30,1843.42
CLM-004156,UnitedHealthcare,2026-06-12,19,0-30,314.4
CLM-005207,UnitedHealthcare,2026-06-12,19,0-30,701.18
CLM-005598,UnitedHealthcare,2026-06-12,19,0-30,1330.19
CLM-005606,Medicaid,2026-06-12,19,0-30,1856.56
CLM-005617,Medicaid,2026-06-12,19,0-30,1876.21
CLM-006016,Medicare,2026-06-12,19,0-30,248.84
CLM-006249,Medicaid,2026-06-12,19,0-30,3370.14
CLM-006531,UnitedHealthcare,2026-06-12,19,0-30,272.62
CLM-007181,UnitedHealthcare,2026-06-12,19,0-30,326.28
CLM-007753,Humana Medicare Advantage,2026-06-12,19,0-30,1075.85
CLM-008309,Aetna,2026-06-12,19,0-30,4323.06
CLM-008394,Cigna,2026-06-12,19,0-30,1709.94
CLM-009400,UnitedHealthcare,2026-06-12,19,0-30,3445.14
CLM-009624,Medicare,2026-06-12,19,0-30,518.12
CLM-009655,Blue Cross Blue Shield,2026-06-12,19,0-30,316.95
CLM-009888,Medicare,2026-06-12,19,0-30,2507.33
CLM-010889,Medicaid,2026-06-12,19,0-30,1940.55
CLM-010910,Aetna,2026-06-12,19,0-30,924.28
CLM-011626,Blue Cross Blue Shield,2026-06-12,19,0-30,1166.33
CLM-011780,Self-Pay,2026-06-12,19,0-30,203.37
CLM-000495,Self-Pay,2026-06-13,18,0-30,326.11
CLM-000556,Medicaid,2026-06-13,18,0-30,871.89
CLM-001299,Medicaid,2026-06-13,18,0-30,8893.75
CLM-001363,Medicare,2026-06-13,18,0-30,2118.13
CLM-001574,Medicare,2026-06-13,18,0-30,3891.79
CLM-001680,UnitedHealthcare,2026-06-13,18,0-30,2047.2
CLM-002466,Medicare,2026-06-13,18,0-30,656.2
CLM-003241,Medicare,2026-06-13,18,0-30,273.79
CLM-003245,Humana Medicare Advantage,2026-06-13,18,0-30,6521.25
CLM-003329,Medicare,2026-06-13,18,0-30,676.02
CLM-003604,Blue Cross Blue Shield,2026-06-13,18,0-30,4735.66
CLM-004596,UnitedHealthcare,2026-06-13,18,0-30,395.75
CLM-004683,Blue Cross Blue Shield,2026-06-13,18,0-30,972.6
CLM-004739,Medicare,2026-06-13,18,0-30,203.77
CLM-005364,Blue Cross Blue Shield,2026-06-13,18,0-30,1238.26
CLM-005391,Humana Medicare Advantage,2026-06-13,18,0-30,5685.95
CLM-005625,UnitedHealthcare,2026-06-13,18,0-30,7624.78
CLM-006072,Blue Cross Blue Shield,2026-06-13,18,0-30,4216.77
CLM-007677,Medicaid,2026-06-13,18,0-30,282.14
CLM-007703,Cigna,2026-06-13,18,0-30,736.94
CLM-007945,Medicaid,2026-06-13,18,0-30,685.69
CLM-008312,Humana Medicare Advantage,2026-06-13,18,0-30,2195.22
CLM-008350,Cigna,2026-06-13,18,0-30,879.23
CLM-008506,Humana Medicare Advantage,2026-06-13,18,0-30,1084.04
CLM-008536,Aetna,2026-06-13,18,0-30,580.28
CLM-009609,Humana Medicare Advantage,2026-06-13,18,0-30,589.79
CLM-010586,Self-Pay,2026-06-13,18,0-30,286.97
CLM-010645,Self-Pay,2026-06-13,18,0-30,13035.91
CLM-011051,Medicaid,2026-06-13,18,0-30,661.04
CLM-011143,UnitedHealthcare,2026-06-13,18,0-30,296.38
CLM-011472,Blue Cross Blue Shield,2026-06-13,18,0-30,1107.39
CLM-000363,Blue Cross Blue Shield,2026-06-14,17,0-30,359.85
CLM-000662,Medicaid,2026-06-14,17,0-30,215.44
CLM-000664,Medicare,2026-06-14,17,0-30,423.28
CLM-001280,Medicaid,2026-06-14,17,0-30,468.13
CLM-001944,Blue Cross Blue Shield,2026-06-14,17,0-30,1085.0
CLM-003174,Medicaid,2026-06-14,17,0-30,1224.59
CLM-003322,Medicare,2026-06-14,17,0-30,159.78
CLM-003954,Medicare,2026-06-14,17,0-30,176.94
CLM-004196,Medicare,2026-06-14,17,0-30,1129.23
CLM-004723,UnitedHealthcare,2026-06-14,17,0-30,7762.39
CLM-005029,Medicare,2026-06-14,17,0-30,1451.31
CLM-005507,Blue Cross Blue Shield,2026-06-14,17,0-30,1016.33
CLM-005976,Aetna,2026-06-14,17,0-30,1191.8
CLM-006419,Medicaid,2026-06-14,17,0-30,481.33
CLM-006565,Cigna,2026-06-14,17,0-30,1029.44
CLM-006802,Medicare,2026-06-14,17,0-30,82.0
CLM-007089,Blue Cross Blue Shield,2026-06-14,17,0-30,1493.21
CLM-007265,UnitedHealthcare,2026-06-14,17,0-30,9643.27
CLM-007475,Medicaid,2026-06-14,17,0-30,2692.0
CLM-007570,Aetna,2026-06-14,17,0-30,299.34
CLM-007898,Blue Cross Blue Shield,2026-06-14,17,0-30,6747.5
CLM-008247,Medicare,2026-06-14,17,0-30,1362.05
CLM-009022,Cigna,2026-06-14,17,0-30,286.82
CLM-009598,Medicare,2026-06-14,17,0-30,1321.71
CLM-010256,Medicare,2026-06-14,17,0-30,4601.05
CLM-010519,Medicare,2026-06-14,17,0-30,2513.69
CLM-011318,Cigna,2026-06-14,17,0-30,1101.56
CLM-011334,Medicare,2026-06-14,17,0-30,4791.38
CLM-011739,Medicare,2026-06-14,17,0-30,656.99
CLM-011823,Aetna,2026-06-14,17,0-30,3064.2
CLM-011871,Medicare,2026-06-14,17,0-30,897.49
CLM-011956,Medicaid,2026-06-14,17,0-30,5707.21
CLM-011996,Medicaid,2026-06-14,17,0-30,3363.85
CLM-000043,Medicare,2026-06-15,16,0-30,1412.83
CLM-000843,UnitedHealthcare,2026-06-15,16,0-30,1743.85
CLM-001301,Humana Medicare Advantage,2026-06-15,16,0-30,11108.99
CLM-001808,Medicare,2026-06-15,16,0-30,487.32
CLM-001882,Medicare,2026-06-15,16,0-30,2838.71
CLM-001912,UnitedHealthcare,2026-06-15,16,0-30,5394.81
CLM-002874,Medicare,2026-06-15,16,0-30,12970.96
CLM-003115,Blue Cross Blue Shield,2026-06-15,16,0-30,4522.67
CLM-003396,Medicaid,2026-06-15,16,0-30,597.37
CLM-003624,Medicare,2026-06-15,16,0-30,294.02
CLM-003743,Blue Cross Blue Shield,2026-06-15,16,0-30,449.31
CLM-004357,Medicare,2026-06-15,16,0-30,800.21
CLM-004651,Aetna,2026-06-15,16,0-30,386.73
CLM-005145,Medicaid,2026-06-15,16,0-30,1535.44
CLM-005314,Blue Cross Blue Shield,2026-06-15,16,0-30,1470.43
CLM-005547,Medicare,2026-06-15,16,0-30,346.48
CLM-005734,Medicaid,2026-06-15,16,0-30,3991.98
CLM-005737,Medicare,2026-06-15,16,0-30,353.55
CLM-005832,Cigna,2026-06-15,16,0-30,251.94
CLM-006177,UnitedHealthcare,2026-06-15,16,0-30,680.71
CLM-006575,Aetna,2026-06-15,16,0-30,3689.15
CLM-007256,Aetna,2026-06-15,16,0-30,1333.55
CLM-007718,Medicaid,2026-06-15,16,0-30,8746.71
CLM-008221,Aetna,2026-06-15,16,0-30,282.93
CLM-008232,Humana Medicare Advantage,2026-06-15,16,0-30,13622.89
CLM-009210,Blue Cross Blue Shield,2026-06-15,16,0-30,1832.03
CLM-009824,Medicaid,2026-06-15,16,0-30,167.86
CLM-009937,Medicare,2026-06-15,16,0-30,229.83
CLM-010394,Humana Medicare Advantage,2026-06-15,16,0-30,176.52
CLM-010518,Blue Cross Blue Shield,2026-06-15,16,0-30,638.21
CLM-011594,Medicare,2026-06-15,16,0-30,7649.84
CLM-011810,Medicaid,2026-06-15,16,0-30,1972.86
CLM-011816,Medicare,2026-06-15,16,0-30,6163.79
CLM-011853,Aetna,2026-06-15,16,0-30,287.8
CLM-000137,Medicaid,2026-06-16,15,0-30,2499.3
CLM-000566,Blue Cross Blue Shield,2026-06-16,15,0-30,5147.49
CLM-000621,Blue Cross Blue Shield,2026-06-16,15,0-30,23443.38
CLM-000997,Cigna,2026-06-16,15,0-30,2269.87
CLM-001054,Humana Medicare Advantage,2026-06-16,15,0-30,960.31
CLM-001596,Medicare,2026-06-16,15,0-30,4714.74
CLM-001922,Medicare,2026-06-16,15,0-30,993.9
CLM-002105,Medicare,2026-06-16,15,0-30,124.39
CLM-002307,UnitedHealthcare,2026-06-16,15,0-30,647.33
CLM-002844,Cigna,2026-06-16,15,0-30,731.06
CLM-003979,Blue Cross Blue Shield,2026-06-16,15,0-30,242.84
CLM-004229,Medicaid,2026-06-16,15,0-30,407.13
CLM-004275,Blue Cross Blue Shield,2026-06-16,15,0-30,3212.7
CLM-004824,Humana Medicare Advantage,2026-06-16,15,0-30,1167.04
CLM-005376,UnitedHealthcare,2026-06-16,15,0-30,13794.02
CLM-005428,UnitedHealthcare,2026-06-16,15,0-30,3957.34
CLM-005969,Humana Medicare Advantage,2026-06-16,15,0-30,20210.55
CLM-006010,Medicaid,2026-06-16,15,0-30,4098.79
CLM-007539,UnitedHealthcare,2026-06-16,15,0-30,343.66
CLM-007836,Cigna,2026-06-16,15,0-30,367.28
CLM-008928,Medicare,2026-06-16,15,0-30,9394.96
CLM-009162,UnitedHealthcare,2026-06-16,15,0-30,2476.62
CLM-009280,Blue Cross Blue Shield,2026-06-16,15,0-30,1089.22
CLM-009855,Humana Medicare Advantage,2026-06-16,15,0-30,1002.6
CLM-010894,Humana Medicare Advantage,2026-06-16,15,0-30,8358.81
CLM-011486,Medicare,2026-06-16,15,0-30,2264.23
CLM-011776,Medicaid,2026-06-16,15,0-30,4712.62
CLM-000541,Cigna,2026-06-17,14,0-30,7829.51
CLM-000884,Medicaid,2026-06-17,14,0-30,1329.14
CLM-000965,Medicaid,2026-06-17,14,0-30,461.02
CLM-001746,Aetna,2026-06-17,14,0-30,3834.54
CLM-001810,UnitedHealthcare,2026-06-17,14,0-30,704.85
CLM-001869,Self-Pay,2026-06-17,14,0-30,4724.95
CLM-001972,Aetna,2026-06-17,14,0-30,5170.23
CLM-002121,Blue Cross Blue Shield,2026-06-17,14,0-30,3663.9
CLM-002611,Medicare,2026-06-17,14,0-30,6534.16
CLM-002810,Medicaid,2026-06-17,14,0-30,1808.98
CLM-003001,Medicare,2026-06-17,14,0-30,1966.0
CLM-003442,Blue Cross Blue Shield,2026-06-17,14,0-30,13752.32
CLM-003563,Medicare,2026-06-17,14,0-30,1829.68
CLM-003772,Medicaid,2026-06-17,14,0-30,383.1
CLM-004210,Cigna,2026-06-17,14,0-30,7593.07
CLM-004856,Medicare,2026-06-17,14,0-30,457.74
CLM-004910,Medicaid,2026-06-17,14,0-30,2487.73
CLM-004918,Medicare,2026-06-17,14,0-30,7177.43
CLM-005027,Aetna,2026-06-17,14,0-30,3697.24
CLM-005402,Blue Cross Blue Shield,2026-06-17,14,0-30,5922.02
CLM-005404,Medicare,2026-06-17,14,0-30,371.46
CLM-005727,Blue Cross Blue Shield,2026-06-17,14,0-30,3616.71
CLM-006535,Blue Cross Blue Shield,2026-06-17,14,0-30,2530.24
CLM-007431,Medicare,2026-06-17,14,0-30,194.07
CLM-007506,Cigna,2026-06-17,14,0-30,977.61
CLM-008079,Humana Medicare Advantage,2026-06-17,14,0-30,391.96
CLM-008120,Medicare,2026-06-17,14,0-30,174.47
CLM-009711,Cigna,2026-06-17,14,0-30,496.81
CLM-010060,UnitedHealthcare,2026-06-17,14,0-30,489.14
CLM-010202,Aetna,2026-06-17,14,0-30,752.71
CLM-010817,Humana Medicare Advantage,2026-06-17,14,0-30,4550.35
CLM-011575,Medicaid,2026-06-17,14,0-30,1417.99
CLM-011690,Humana Medicare Advantage,2026-06-17,14,0-30,4495.03
CLM-011839,Blue Cross Blue Shield,2026-06-17,14,0-30,5636.99
CLM-000636,UnitedHealthcare,2026-06-18,13,0-30,2092.38
CLM-000868,Cigna,2026-06-18,13,0-30,5340.38
CLM-001012,UnitedHealthcare,2026-06-18,13,0-30,2989.04
CLM-001159,UnitedHealthcare,2026-06-18,13,0-30,396.29
CLM-001368,Medicare,2026-06-18,13,0-30,533.66
CLM-001937,Blue Cross Blue Shield,2026-06-18,13,0-30,510.16
CLM-002818,Blue Cross Blue Shield,2026-06-18,13,0-30,8232.05
CLM-002861,Medicare,2026-06-18,13,0-30,1033.51
CLM-003692,Medicare,2026-06-18,13,0-30,5646.97
CLM-004580,UnitedHealthcare,2026-06-18,13,0-30,1594.3
CLM-005457,Medicare,2026-06-18,13,0-30,3852.82
CLM-005670,Medicaid,2026-06-18,13,0-30,1230.01
CLM-006215,Medicare,2026-06-18,13,0-30,1035.15
CLM-006525,Medicaid,2026-06-18,13,0-30,5948.84
CLM-007537,Cigna,2026-06-18,13,0-30,128.57
CLM-007717,Blue Cross Blue Shield,2026-06-18,13,0-30,8581.39
CLM-008103,Medicare,2026-06-18,13,0-30,571.48
CLM-008437,Medicare,2026-06-18,13,0-30,3793.96
CLM-008703,Blue Cross Blue Shield,2026-06-18,13,0-30,1521.43
CLM-008739,Medicaid,2026-06-18,13,0-30,5151.23
CLM-008945,Humana Medicare Advantage,2026-06-18,13,0-30,2913.26
CLM-008971,Humana Medicare Advantage,2026-06-18,13,0-30,4356.68
CLM-009258,Self-Pay,2026-06-18,13,0-30,152.98
CLM-009349,Medicaid,2026-06-18,13,0-30,2303.32
CLM-009796,Self-Pay,2026-06-18,13,0-30,2404.85
CLM-009920,Medicare,2026-06-18,13,0-30,2342.65
CLM-010355,Medicare,2026-06-18,13,0-30,2993.53
CLM-010733,Self-Pay,2026-06-18,13,0-30,804.73
CLM-011346,Blue Cross Blue Shield,2026-06-18,13,0-30,354.51
CLM-011347,Medicare,2026-06-18,13,0-30,948.61
CLM-011402,Medicare,2026-06-18,13,0-30,9479.69
CLM-011534,Cigna,2026-06-18,13,0-30,10773.37
CLM-011556,Blue Cross Blue Shield,2026-06-18,13,0-30,1652.4
CLM-011676,Medicare,2026-06-18,13,0-30,1425.9
CLM-001879,Medicare,2026-06-19,12,0-30,431.92
CLM-001915,Medicaid,2026-06-19,12,0-30,498.56
CLM-003190,Medicare,2026-06-19,12,0-30,1368.83
CLM-003778,UnitedHealthcare,2026-06-19,12,0-30,2500.79
CLM-003790,Aetna,2026-06-19,12,0-30,8810.7
CLM-004136,Humana Medicare Advantage,2026-06-19,12,0-30,1468.29
CLM-004563,Medicaid,2026-06-19,12,0-30,1428.43
CLM-005194,Humana Medicare Advantage,2026-06-19,12,0-30,452.87
CLM-005270,Medicaid,2026-06-19,12,0-30,985.2
CLM-005308,Medicare,2026-06-19,12,0-30,2826.17
CLM-005384,Medicare,2026-06-19,12,0-30,491.03
CLM-005399,UnitedHealthcare,2026-06-19,12,0-30,1362.61
CLM-005755,Aetna,2026-06-19,12,0-30,457.42
CLM-005788,Medicare,2026-06-19,12,0-30,981.84
CLM-005983,Cigna,2026-06-19,12,0-30,6654.38
CLM-006147,Medicaid,2026-06-19,12,0-30,3045.14
CLM-006397,Aetna,2026-06-19,12,0-30,456.51
CLM-006467,Medicaid,2026-06-19,12,0-30,1540.6
CLM-006844,Humana Medicare Advantage,2026-06-19,12,0-30,445.56
CLM-006922,UnitedHealthcare,2026-06-19,12,0-30,6893.87
CLM-006959,Medicare,2026-06-19,12,0-30,374.56
CLM-008497,UnitedHealthcare,2026-06-19,12,0-30,564.66
CLM-008760,Medicaid,2026-06-19,12,0-30,1418.69
CLM-009040,Medicaid,2026-06-19,12,0-30,6756.34
CLM-009149,Cigna,2026-06-19,12,0-30,2739.89
CLM-009219,Medicaid,2026-06-19,12,0-30,897.4
CLM-009438,Medicare,2026-06-19,12,0-30,1542.86
CLM-010263,Cigna,2026-06-19,12,0-30,2986.33
CLM-010338,Medicare,2026-06-19,12,0-30,2300.53
CLM-010543,Humana Medicare Advantage,2026-06-19,12,0-30,6479.19
CLM-010981,Humana Medicare Advantage,2026-06-19,12,0-30,3553.31
CLM-011600,Medicare,2026-06-19,12,0-30,15934.26
CLM-000591,UnitedHealthcare,2026-06-20,11,0-30,740.92
CLM-000768,Aetna,2026-06-20,11,0-30,145.24
CLM-001199,Cigna,2026-06-20,11,0-30,7405.13
CLM-001315,Medicare,2026-06-20,11,0-30,310.59
CLM-002093,Medicare,2026-06-20,11,0-30,6011.64
CLM-002342,Self-Pay,2026-06-20,11,0-30,821.92
CLM-003230,Humana Medicare Advantage,2026-06-20,11,0-30,201.06
CLM-003690,Blue Cross Blue Shield,2026-06-20,11,0-30,372.05
CLM-004539,Aetna,2026-06-20,11,0-30,834.71
CLM-004561,Cigna,2026-06-20,11,0-30,342.82
CLM-004866,Blue Cross Blue Shield,2026-06-20,11,0-30,420.04
CLM-007154,UnitedHealthcare,2026-06-20,11,0-30,573.61
CLM-007313,Medicare,2026-06-20,11,0-30,1244.03
CLM-007462,Aetna,2026-06-20,11,0-30,735.71
CLM-008217,Self-Pay,2026-06-20,11,0-30,276.18
CLM-008227,Medicaid,2026-06-20,11,0-30,169.75
CLM-008619,Blue Cross Blue Shield,2026-06-20,11,0-30,1209.74
CLM-008991,Aetna,2026-06-20,11,0-30,1151.75
CLM-009137,Aetna,2026-06-20,11,0-30,156.01
CLM-009365,Self-Pay,2026-06-20,11,0-30,7435.91
CLM-010620,Blue Cross Blue Shield,2026-06-20,11,0-30,888.32
CLM-011614,Blue Cross Blue Shield,2026-06-20,11,0-30,3833.95
CLM-011862,Medicare,2026-06-20,11,0-30,985.76
CLM-011873,Aetna,2026-06-20,11,0-30,8694.03
CLM-000247,Humana Medicare Advantage,2026-06-21,10,0-30,1399.74
CLM-000332,Aetna,2026-06-21,10,0-30,312.32
CLM-001575,Medicaid,2026-06-21,10,0-30,2118.88
CLM-002362,Medicare,2026-06-21,10,0-30,8406.21
CLM-002799,Humana Medicare Advantage,2026-06-21,10,0-30,12539.07
CLM-003111,UnitedHealthcare,2026-06-21,10,0-30,4892.21
CLM-003295,UnitedHealthcare,2026-06-21,10,0-30,185.59
CLM-003383,Aetna,2026-06-21,10,0-30,149.95
CLM-004699,Medicaid,2026-06-21,10,0-30,2760.03
CLM-006849,Medicaid,2026-06-21,10,0-30,273.32
CLM-006985,Medicaid,2026-06-21,10,0-30,7916.21
CLM-007525,Medicare,2026-06-21,10,0-30,565.09
CLM-008484,Cigna,2026-06-21,10,0-30,291.14
CLM-009099,UnitedHealthcare,2026-06-21,10,0-30,317.9
CLM-009928,Medicare,2026-06-21,10,0-30,339.8
CLM-010442,UnitedHealthcare,2026-06-21,10,0-30,663.77
CLM-010465,UnitedHealthcare,2026-06-21,10,0-30,904.19
CLM-010576,Medicare,2026-06-21,10,0-30,260.95
CLM-011146,UnitedHealthcare,2026-06-21,10,0-30,15075.92
CLM-011631,Blue Cross Blue Shield,2026-06-21,10,0-30,2850.92
CLM-000225,Blue Cross Blue Shield,2026-06-22,9,0-30,386.18
CLM-000519,Cigna,2026-06-22,9,0-30,3197.89
CLM-000703,UnitedHealthcare,2026-06-22,9,0-30,1780.23
CLM-000926,Aetna,2026-06-22,9,0-30,2179.72
CLM-001818,Medicare,2026-06-22,9,0-30,1703.62
CLM-002215,UnitedHealthcare,2026-06-22,9,0-30,944.85
CLM-002332,Aetna,2026-06-22,9,0-30,775.44
CLM-002635,Blue Cross Blue Shield,2026-06-22,9,0-30,10163.14
CLM-003236,Self-Pay,2026-06-22,9,0-30,10609.71
CLM-003250,Blue Cross Blue Shield,2026-06-22,9,0-30,1012.59
CLM-004529,Medicare,2026-06-22,9,0-30,10488.45
CLM-005192,Cigna,2026-06-22,9,0-30,1114.42
CLM-005307,Medicare,2026-06-22,9,0-30,370.66
CLM-005577,Medicare,2026-06-22,9,0-30,4314.78
CLM-005993,UnitedHealthcare,2026-06-22,9,0-30,323.86
CLM-007557,Medicare,2026-06-22,9,0-30,2656.67
CLM-007736,Aetna,2026-06-22,9,0-30,349.94
CLM-008373,Cigna,2026-06-22,9,0-30,772.38
CLM-009274,Medicare,2026-06-22,9,0-30,2571.51
CLM-010401,Medicaid,2026-06-22,9,0-30,798.11
CLM-010893,Aetna,2026-06-22,9,0-30,23579.88
CLM-011267,Medicaid,2026-06-22,9,0-30,857.02
CLM-011931,Medicare,2026-06-22,9,0-30,2338.07
CLM-000176,Medicare,2026-06-23,8,0-30,395.58
CLM-000800,Aetna,2026-06-23,8,0-30,404.76
CLM-000948,UnitedHealthcare,2026-06-23,8,0-30,1178.01
CLM-001451,Blue Cross Blue Shield,2026-06-23,8,0-30,15090.39
CLM-001457,Medicare,2026-06-23,8,0-30,1147.51
CLM-001695,Aetna,2026-06-23,8,0-30,671.4
CLM-003660,Medicare,2026-06-23,8,0-30,3097.17
CLM-004138,UnitedHealthcare,2026-06-23,8,0-30,2326.63
CLM-004798,Medicare,2026-06-23,8,0-30,775.16
CLM-004983,Humana Medicare Advantage,2026-06-23,8,0-30,1343.13
CLM-005905,Medicare,2026-06-23,8,0-30,3912.08
CLM-005980,Cigna,2026-06-23,8,0-30,471.53
CLM-006797,Medicaid,2026-06-23,8,0-30,1094.13
CLM-007026,Humana Medicare Advantage,2026-06-23,8,0-30,1284.98
CLM-007716,UnitedHealthcare,2026-06-23,8,0-30,778.75
CLM-007844,Medicare,2026-06-23,8,0-30,140.97
CLM-008442,Humana Medicare Advantage,2026-06-23,8,0-30,777.38
CLM-009193,Cigna,2026-06-23,8,0-30,1352.25
CLM-009489,Medicaid,2026-06-23,8,0-30,2406.54
CLM-009540,Medicare,2026-06-23,8,0-30,279.95
CLM-009693,UnitedHealthcare,2026-06-23,8,0-30,770.74
CLM-009975,Humana Medicare Advantage,2026-06-23,8,0-30,315.98
CLM-010897,Medicaid,2026-06-23,8,0-30,1406.68
CLM-011368,UnitedHealthcare,2026-06-23,8,0-30,311.34
CLM-000312,Blue Cross Blue Shield,2026-06-24,7,0-30,240.39
CLM-000513,Cigna,2026-06-24,7,0-30,4436.32
CLM-000679,Medicare,2026-06-24,7,0-30,3877.21
CLM-000778,Medicaid,2026-06-24,7,0-30,2327.8
CLM-000888,UnitedHealthcare,2026-06-24,7,0-30,4325.04
CLM-001072,Medicaid,2026-06-24,7,0-30,2643.25
CLM-001830,UnitedHealthcare,2026-06-24,7,0-30,3403.21
CLM-001850,Medicare,2026-06-24,7,0-30,835.34
CLM-003160,Blue Cross Blue Shield,2026-06-24,7,0-30,7492.99
CLM-003508,Cigna,2026-06-24,7,0-30,279.69
CLM-003543,Blue Cross Blue Shield,2026-06-24,7,0-30,6524.1
CLM-003590,UnitedHealthcare,2026-06-24,7,0-30,307.49
CLM-004932,Humana Medicare Advantage,2026-06-24,7,0-30,303.36
CLM-005367,Medicare,2026-06-24,7,0-30,414.48
CLM-005903,Cigna,2026-06-24,7,0-30,2940.29
CLM-006103,Medicare,2026-06-24,7,0-30,3436.36
CLM-006540,Medicaid,2026-06-24,7,0-30,3699.03
CLM-006672,Medicare,2026-06-24,7,0-30,720.82
CLM-006834,UnitedHealthcare,2026-06-24,7,0-30,1091.02
CLM-007236,Aetna,2026-06-24,7,0-30,5359.52
CLM-007242,Medicare,2026-06-24,7,0-30,3030.26
CLM-007436,Self-Pay,2026-06-24,7,0-30,6525.36
CLM-007729,Medicare,2026-06-24,7,0-30,2078.68
CLM-008136,Blue Cross Blue Shield,2026-06-24,7,0-30,1761.53
CLM-008324,Self-Pay,2026-06-24,7,0-30,1499.89
CLM-008348,Medicare,2026-06-24,7,0-30,6249.09
CLM-008734,Blue Cross Blue Shield,2026-06-24,7,0-30,629.93
CLM-010217,UnitedHealthcare,2026-06-24,7,0-30,2359.7
CLM-010769,Medicare,2026-06-24,7,0-30,495.82
CLM-011625,Blue Cross Blue Shield,2026-06-24,7,0-30,935.72
CLM-000469,Aetna,2026-06-25,6,0-30,2801.71
CLM-000720,Medicaid,2026-06-25,6,0-30,1201.95
CLM-001580,UnitedHealthcare,2026-06-25,6,0-30,1187.35
CLM-002305,Self-Pay,2026-06-25,6,0-30,206.69
CLM-003376,Self-Pay,2026-06-25,6,0-30,373.52
CLM-003602,Medicare,2026-06-25,6,0-30,5632.77
CLM-004123,Medicare,2026-06-25,6,0-30,20162.72
CLM-004371,UnitedHealthcare,2026-06-25,6,0-30,235.59
CLM-004897,Aetna,2026-06-25,6,0-30,191.89
CLM-005198,Medicare,2026-06-25,6,0-30,2351.49
CLM-005368,UnitedHealthcare,2026-06-25,6,0-30,761.93
CLM-005753,Humana Medicare Advantage,2026-06-25,6,0-30,1191.04
CLM-005991,Self-Pay,2026-06-25,6,0-30,357.53
CLM-006738,UnitedHealthcare,2026-06-25,6,0-30,1600.66
CLM-007027,UnitedHealthcare,2026-06-25,6,0-30,4648.83
CLM-009039,Humana Medicare Advantage,2026-06-25,6,0-30,902.61
CLM-009041,Medicare,2026-06-25,6,0-30,1247.92
CLM-009589,Medicare,2026-06-25,6,0-30,4009.55
CLM-009872,UnitedHealthcare,2026-06-25,6,0-30,6044.98
CLM-010872,Blue Cross Blue Shield,2026-06-25,6,0-30,747.08
CLM-000766,Medicare,2026-06-26,5,0-30,200.57
CLM-000957,Medicaid,2026-06-26,5,0-30,1238.15
CLM-002079,Humana Medicare Advantage,2026-06-26,5,0-30,374.22
CLM-002237,Blue Cross Blue Shield,2026-06-26,5,0-30,243.63
CLM-003081,Medicaid,2026-06-26,5,0-30,334.37
CLM-003503,Cigna,2026-06-26,5,0-30,376.8
CLM-003876,Humana Medicare Advantage,2026-06-26,5,0-30,2228.58
CLM-003924,Medicare,2026-06-26,5,0-30,328.27
CLM-004613,UnitedHealthcare,2026-06-26,5,0-30,478.39
CLM-004682,Medicare,2026-06-26,5,0-30,6180.97
CLM-004898,Medicare,2026-06-26,5,0-30,191.25
CLM-005920,UnitedHealthcare,2026-06-26,5,0-30,6923.67
CLM-006146,Aetna,2026-06-26,5,0-30,4022.99
CLM-006254,Medicare,2026-06-26,5,0-30,1250.49
CLM-006294,Blue Cross Blue Shield,2026-06-26,5,0-30,600.36
CLM-006784,Aetna,2026-06-26,5,0-30,14381.29
CLM-006835,UnitedHealthcare,2026-06-26,5,0-30,998.7
CLM-008132,UnitedHealthcare,2026-06-26,5,0-30,669.52
CLM-008262,Blue Cross Blue Shield,2026-06-26,5,0-30,7313.7
CLM-008544,Medicare,2026-06-26,5,0-30,11793.14
CLM-008839,Medicare,2026-06-26,5,0-30,233.06
CLM-009519,Humana Medicare Advantage,2026-06-26,5,0-30,1723.08
CLM-009654,Blue Cross Blue Shield,2026-06-26,5,0-30,4594.33
CLM-009750,Cigna,2026-06-26,5,0-30,1253.27
CLM-009869,Blue Cross Blue Shield,2026-06-26,5,0-30,331.2
CLM-010935,Blue Cross Blue Shield,2026-06-26,5,0-30,1720.67
CLM-011233,Blue Cross Blue Shield,2026-06-26,5,0-30,1919.1
CLM-011728,Cigna,2026-06-26,5,0-30,529.99
CLM-000971,Blue Cross Blue Shield,2026-06-27,4,0-30,208.85
CLM-001116,Cigna,2026-06-27,4,0-30,653.25
CLM-001807,Cigna,2026-06-27,4,0-30,624.56
CLM-001820,Medicaid,2026-06-27,4,0-30,231.02
CLM-001839,Aetna,2026-06-27,4,0-30,401.43
CLM-002019,Blue Cross Blue Shield,2026-06-27,4,0-30,1175.21
CLM-002266,Cigna,2026-06-27,4,0-30,5890.82
CLM-002583,Cigna,2026-06-27,4,0-30,392.36
CLM-003338,Medicare,2026-06-27,4,0-30,289.48
CLM-003526,Medicaid,2026-06-27,4,0-30,694.05
CLM-003749,Self-Pay,2026-06-27,4,0-30,11734.97
CLM-004036,Aetna,2026-06-27,4,0-30,583.93
CLM-004209,Medicaid,2026-06-27,4,0-30,385.01
CLM-005009,UnitedHealthcare,2026-06-27,4,0-30,3205.41
CLM-006393,Medicare,2026-06-27,4,0-30,495.26
CLM-006666,Blue Cross Blue Shield,2026-06-27,4,0-30,1457.56
CLM-006965,Humana Medicare Advantage,2026-06-27,4,0-30,449.41
CLM-007249,Self-Pay,2026-06-27,4,0-30,232.95
CLM-007286,UnitedHealthcare,2026-06-27,4,0-30,6283.68
CLM-007799,Blue Cross Blue Shield,2026-06-27,4,0-30,314.41
CLM-008034,Cigna,2026-06-27,4,0-30,274.59
CLM-008722,Humana Medicare Advantage,2026-06-27,4,0-30,4066.26
CLM-008727,Medicaid,2026-06-27,4,0-30,170.55
CLM-009525,Medicare,2026-06-27,4,0-30,834.88
CLM-010425,Medicare,2026-06-27,4,0-30,1227.61
CLM-010838,Medicare,2026-06-27,4,0-30,280.55
CLM-001310,Medicare,2026-06-28,3,0-30,4703.34
CLM-002241,Medicare,2026-06-28,3,0-30,629.52
CLM-002568,Cigna,2026-06-28,3,0-30,292.88
CLM-002952,Aetna,2026-06-28,3,0-30,325.62
CLM-003165,UnitedHealthcare,2026-06-28,3,0-30,182.14
CLM-003428,Aetna,2026-06-28,3,0-30,909.12
CLM-004033,UnitedHealthcare,2026-06-28,3,0-30,187.19
CLM-004850,Humana Medicare Advantage,2026-06-28,3,0-30,7058.06
CLM-006096,Self-Pay,2026-06-28,3,0-30,395.37
CLM-006601,Medicaid,2026-06-28,3,0-30,444.96
CLM-006774,Cigna,2026-06-28,3,0-30,5043.52
CLM-006800,Blue Cross Blue Shield,2026-06-28,3,0-30,8352.48
CLM-007560,Humana Medicare Advantage,2026-06-28,3,0-30,845.31
CLM-007754,Humana Medicare Advantage,2026-06-28,3,0-30,2769.18
CLM-008046,Medicare,2026-06-28,3,0-30,5909.76
CLM-008984,Blue Cross Blue Shield,2026-06-28,3,0-30,2762.8
CLM-009061,Blue Cross Blue Shield,2026-06-28,3,0-30,310.9
CLM-009236,Self-Pay,2026-06-28,3,0-30,11093.92
CLM-009250,Blue Cross Blue Shield,2026-06-28,3,0-30,593.13
CLM-010026,UnitedHealthcare,2026-06-28,3,0-30,1163.08
CLM-010139,Medicaid,2026-06-28,3,0-30,10458.09
CLM-010317,Cigna,2026-06-28,3,0-30,5155.09
CLM-010527,Medicare,2026-06-28,3,0-30,6014.29
CLM-010923,Blue Cross Blue Shield,2026-06-28,3,0-30,9166.69
CLM-011191,Medicare,2026-06-28,3,0-30,14283.73
CLM-011833,Medicaid,2026-06-28,3,0-30,4147.74
CLM-000024,UnitedHealthcare,2026-06-29,2,0-30,778.73
CLM-000168,Blue Cross Blue Shield,2026-06-29,2,0-30,182.34
CLM-000645,Cigna,2026-06-29,2,0-30,993.83
CLM-000701,Medicaid,2026-06-29,2,0-30,8018.16
CLM-000913,Humana Medicare Advantage,2026-06-29,2,0-30,185.01
CLM-001093,Medicare,2026-06-29,2,0-30,1708.57
CLM-001114,Humana Medicare Advantage,2026-06-29,2,0-30,4756.13
CLM-001262,Humana Medicare Advantage,2026-06-29,2,0-30,554.58
CLM-001319,Humana Medicare Advantage,2026-06-29,2,0-30,4854.94
CLM-001939,UnitedHealthcare,2026-06-29,2,0-30,509.31
CLM-002965,Medicaid,2026-06-29,2,0-30,683.09
CLM-003574,Cigna,2026-06-29,2,0-30,4975.35
CLM-003764,Medicare,2026-06-29,2,0-30,1675.88
CLM-004213,Medicaid,2026-06-29,2,0-30,2097.73
CLM-006459,Medicare,2026-06-29,2,0-30,940.09
CLM-006732,Medicaid,2026-06-29,2,0-30,676.48
CLM-007507,Humana Medicare Advantage,2026-06-29,2,0-30,386.16
CLM-007668,Humana Medicare Advantage,2026-06-29,2,0-30,497.65
CLM-008139,Medicare,2026-06-29,2,0-30,2771.52
CLM-008196,Blue Cross Blue Shield,2026-06-29,2,0-30,6160.15
CLM-008780,UnitedHealthcare,2026-06-29,2,0-30,12778.7
CLM-009228,Medicare,2026-06-29,2,0-30,348.63
CLM-010888,UnitedHealthcare,2026-06-29,2,0-30,315.36
CLM-010992,Medicare,2026-06-29,2,0-30,311.31
CLM-000216,Humana Medicare Advantage,2026-06-30,1,0-30,583.51
CLM-000236,Aetna,2026-06-30,1,0-30,3619.47
CLM-000939,UnitedHealthcare,2026-06-30,1,0-30,1212.36
CLM-002633,Cigna,2026-06-30,1,0-30,1968.57
CLM-002867,Medicare,2026-06-30,1,0-30,1293.06
CLM-003192,Cigna,2026-06-30,1,0-30,317.86
CLM-003231,Aetna,2026-06-30,1,0-30,1355.15
CLM-003504,Medicaid,2026-06-30,1,0-30,1179.16
CLM-003909,Medicare,2026-06-30,1,0-30,153.14
CLM-004316,Medicare,2026-06-30,1,0-30,811.97
CLM-004324,Medicare,2026-06-30,1,0-30,292.37
CLM-004696,Medicare,2026-06-30,1,0-30,885.49
CLM-005007,Blue Cross Blue Shield,2026-06-30,1,0-30,9204.28
CLM-005073,Medicaid,2026-06-30,1,0-30,577.86
CLM-006896,UnitedHealthcare,2026-06-30,1,0-30,1672.81
CLM-007384,Medicare,2026-06-30,1,0-30,2125.73
CLM-007932,Medicare,2026-06-30,1,0-30,4548.34
CLM-007988,Blue Cross Blue Shield,2026-06-30,1,0-30,242.37
CLM-008996,Self-Pay,2026-06-30,1,0-30,2125.47
CLM-009434,Blue Cross Blue Shield,2026-06-30,1,0-30,805.38
CLM-009637,Aetna,2026-06-30,1,0-30,7846.93
CLM-009926,UnitedHealthcare,2026-06-30,1,0-30,927.89
CLM-010007,Medicare,2026-06-30,1,0-30,178.57
CLM-011607,UnitedHealthcare,2026-06-30,1,0-30,916.28
CLM-011699,Medicaid,2026-06-30,1,0-30,11889.35
CLM-011750,Aetna,2026-06-30,1,0-30,939.21
CLM-011945,Blue Cross Blue Shield,2026-06-30,1,0-30,2275.48
