claim_id,payer_name,submitted_date,ar_age_days,ar_bucket,submitted_amount
CLM-012539,Self-Pay,2024-07-09,722,120+,3750.25
CLM-001017,Molina Healthcare,2024-07-17,714,120+,281.84
CLM-027106,Cigna,2024-07-22,709,120+,180.55
CLM-017216,Medicare,2024-07-23,708,120+,4810.53
CLM-000742,Humana Medicare Advantage,2024-08-04,696,120+,4653.91
CLM-019807,UnitedHealthcare,2024-08-14,686,120+,1429.07
CLM-026616,Molina Healthcare,2024-08-20,680,120+,5494.53
CLM-020539,Molina Healthcare,2024-08-28,672,120+,1375.87
CLM-003559,Molina Healthcare,2024-09-29,640,120+,210.94
CLM-011960,UnitedHealthcare,2024-10-01,638,120+,3756.91
CLM-005189,Aetna,2024-10-04,635,120+,134.18
CLM-023680,Blue Cross Blue Shield,2024-10-18,621,120+,240.84
CLM-008116,UnitedHealthcare,2024-10-22,617,120+,439.74
CLM-022067,Medicare,2024-10-23,616,120+,863.98
CLM-019165,UnitedHealthcare,2024-10-25,614,120+,11881.49
CLM-020458,Medicaid,2024-10-25,614,120+,1615.64
CLM-025521,Self-Pay,2024-10-27,612,120+,562.71
CLM-024467,Medicaid,2024-11-01,607,120+,3383.55
CLM-002206,Self-Pay,2024-11-06,602,120+,410.28
CLM-021429,Aetna,2024-11-11,597,120+,539.73
CLM-009298,Blue Cross Blue Shield,2024-11-17,591,120+,430.67
CLM-007808,Self-Pay,2024-11-21,587,120+,1385.24
CLM-017349,Medicaid,2024-12-02,576,120+,1121.61
CLM-023860,Medicaid,2024-12-22,556,120+,879.89
CLM-027845,Blue Cross Blue Shield,2025-01-07,540,120+,2970.87
CLM-016871,Blue Cross Blue Shield,2025-01-25,522,120+,559.63
CLM-023197,UnitedHealthcare,2025-01-28,519,120+,1129.33
CLM-026343,Medicare,2025-02-03,513,120+,16040.1
CLM-001836,Self-Pay,2025-02-07,509,120+,4214.57
CLM-025249,Humana Medicare Advantage,2025-02-09,507,120+,3712.2
CLM-015459,Aetna,2025-02-15,501,120+,10485.71
CLM-021749,Cigna,2025-02-22,494,120+,291.42
CLM-016281,Self-Pay,2025-02-28,488,120+,5676.78
CLM-023635,UnitedHealthcare,2025-03-01,487,120+,3629.87
CLM-013628,Medicare,2025-03-05,483,120+,4587.97
CLM-009275,Self-Pay,2025-03-09,479,120+,2686.31
CLM-020553,UnitedHealthcare,2025-03-15,473,120+,238.35
CLM-013264,Blue Cross Blue Shield,2025-03-28,460,120+,3379.14
CLM-013314,UnitedHealthcare,2025-03-30,458,120+,1844.8
CLM-015481,Medicare,2025-04-01,456,120+,595.44
CLM-028294,Blue Cross Blue Shield,2025-04-26,431,120+,316.47
CLM-020286,Medicare,2025-05-10,417,120+,6387.82
CLM-019642,Humana Medicare Advantage,2025-05-12,415,120+,2581.09
CLM-001352,Humana Medicare Advantage,2025-05-15,412,120+,305.43
CLM-002295,Medicare,2025-05-28,399,120+,615.35
CLM-028822,Medicare,2025-05-29,398,120+,6725.54
CLM-023854,UnitedHealthcare,2025-05-30,397,120+,608.41
CLM-023569,UnitedHealthcare,2025-05-31,396,120+,336.86
CLM-018667,Cigna,2025-06-10,386,120+,172.36
CLM-015501,Humana Medicare Advantage,2025-06-19,377,120+,765.91
CLM-020183,Medicaid,2025-06-19,377,120+,240.56
CLM-007446,Medicaid,2025-06-22,374,120+,531.38
CLM-007615,Aetna,2025-06-23,373,120+,384.3
CLM-014450,State Workers' Compensation,2025-06-29,367,120+,3916.78
CLM-020276,TRICARE,2025-07-10,356,120+,601.66
CLM-007090,Humana Medicare Advantage,2025-07-12,354,120+,1752.57
CLM-022784,Aetna,2025-07-19,347,120+,864.57
CLM-007680,Humana Medicare Advantage,2025-07-27,339,120+,6869.7
CLM-025913,Blue Cross Blue Shield,2025-08-05,330,120+,1299.2
CLM-002092,Humana Medicare Advantage,2025-08-06,329,120+,322.64
CLM-020190,Aetna,2025-08-07,328,120+,560.93
CLM-022572,UnitedHealthcare,2025-08-26,309,120+,2745.12
CLM-022600,Medicare,2025-09-06,298,120+,2224.07
CLM-029231,UnitedHealthcare,2025-09-07,297,120+,1121.38
CLM-011073,Humana Medicare Advantage,2025-09-12,292,120+,2723.0
CLM-019932,Medicare,2025-09-20,284,120+,312.21
CLM-019784,Medicare,2025-09-27,277,120+,730.51
CLM-023360,Medicare,2025-09-30,274,120+,333.02
CLM-002828,Medicaid,2025-10-09,265,120+,214.93
CLM-017457,Medicaid,2025-10-09,265,120+,9671.68
CLM-028073,Medicare,2025-10-09,265,120+,263.99
CLM-003888,Aetna,2025-10-12,262,120+,305.51
CLM-005822,TRICARE,2025-11-06,237,120+,292.75
CLM-022750,Cigna,2025-11-16,227,120+,6664.41
CLM-001619,UnitedHealthcare,2025-11-19,224,120+,9434.67
CLM-004568,Medicaid,2025-11-19,224,120+,349.16
CLM-009325,Blue Cross Blue Shield,2025-11-27,216,120+,2528.0
CLM-001191,Humana Medicare Advantage,2025-11-29,214,120+,4825.69
CLM-020507,Medicaid,2025-12-14,199,120+,13679.06
CLM-004746,Medicaid,2025-12-16,197,120+,11166.0
CLM-022652,UnitedHealthcare,2025-12-17,196,120+,752.65
CLM-001220,UnitedHealthcare,2026-01-02,180,120+,3239.18
CLM-013977,Medicare,2026-01-03,179,120+,391.45
CLM-010786,Molina Healthcare,2026-01-05,177,120+,1363.7
CLM-012034,Medicaid,2026-01-05,177,120+,2796.98
CLM-009030,Molina Healthcare,2026-01-06,176,120+,8380.95
CLM-014827,Aetna,2026-01-06,176,120+,11528.95
CLM-026820,Molina Healthcare,2026-01-06,176,120+,1934.03
CLM-000451,Medicare,2026-01-07,175,120+,632.52
CLM-015862,Cigna,2026-01-07,175,120+,5644.08
CLM-024493,Humana Medicare Advantage,2026-01-07,175,120+,338.79
CLM-013345,UnitedHealthcare,2026-01-09,173,120+,8084.78
CLM-003802,UnitedHealthcare,2026-01-10,172,120+,575.34
CLM-018083,Medicare,2026-01-11,171,120+,1567.25
CLM-006234,Aetna,2026-01-12,170,120+,2329.28
CLM-010061,Cigna,2026-01-12,170,120+,5358.76
CLM-015851,TRICARE,2026-01-13,169,120+,1205.87
CLM-023918,Molina Healthcare,2026-01-13,169,120+,1605.98
CLM-012258,Medicaid,2026-01-14,168,120+,917.27
CLM-002859,Humana Medicare Advantage,2026-01-15,167,120+,2670.46
CLM-003043,Medicaid,2026-01-15,167,120+,2338.07
CLM-006309,Medicaid,2026-01-16,166,120+,214.03
CLM-012998,Blue Cross Blue Shield,2026-01-18,164,120+,4555.48
CLM-019074,Aetna,2026-01-18,164,120+,171.53
CLM-019785,Self-Pay,2026-01-20,162,120+,135.57
CLM-022373,Medicare,2026-01-21,161,120+,428.31
CLM-000267,Self-Pay,2026-01-22,160,120+,319.62
CLM-010508,Humana Medicare Advantage,2026-01-23,159,120+,371.35
CLM-007339,Medicaid,2026-01-24,158,120+,8522.0
CLM-027333,Aetna,2026-01-24,158,120+,17210.31
CLM-022734,Humana Medicare Advantage,2026-01-25,157,120+,124.7
CLM-026486,UnitedHealthcare,2026-01-25,157,120+,346.84
CLM-016766,Humana Medicare Advantage,2026-01-26,156,120+,509.95
CLM-018921,Blue Cross Blue Shield,2026-01-26,156,120+,2027.49
CLM-025693,Blue Cross Blue Shield,2026-01-26,156,120+,1554.36
CLM-013039,Medicaid,2026-01-27,155,120+,405.24
CLM-019977,Aetna,2026-01-27,155,120+,370.84
CLM-023642,Medicare,2026-01-27,155,120+,1955.85
CLM-011907,UnitedHealthcare,2026-01-29,153,120+,12455.49
CLM-018856,UnitedHealthcare,2026-01-29,153,120+,4360.77
CLM-027441,Aetna,2026-01-29,153,120+,910.92
CLM-000778,Medicare,2026-01-30,152,120+,236.79
CLM-014308,Blue Cross Blue Shield,2026-01-30,152,120+,1883.15
CLM-015025,UnitedHealthcare,2026-01-30,152,120+,232.53
CLM-020647,Blue Cross Blue Shield,2026-01-30,152,120+,352.32
CLM-020412,Blue Cross Blue Shield,2026-01-31,151,120+,263.88
CLM-028036,State Workers' Compensation,2026-01-31,151,120+,2089.93
CLM-008561,Cigna,2026-02-01,150,120+,1614.79
CLM-028128,Humana Medicare Advantage,2026-02-02,149,120+,9016.14
CLM-003571,Blue Cross Blue Shield,2026-02-03,148,120+,187.81
CLM-016331,Medicare,2026-02-03,148,120+,3285.19
CLM-011606,Medicare,2026-02-04,147,120+,1365.91
CLM-019779,Blue Cross Blue Shield,2026-02-04,147,120+,11222.34
CLM-004074,Medicare,2026-02-05,146,120+,1300.12
CLM-003197,Aetna,2026-02-06,145,120+,508.19
CLM-019751,Medicaid,2026-02-06,145,120+,9062.88
CLM-014565,UnitedHealthcare,2026-02-07,144,120+,2170.76
CLM-002506,Medicaid,2026-02-09,142,120+,7087.08
CLM-005605,TRICARE,2026-02-09,142,120+,17007.47
CLM-006941,UnitedHealthcare,2026-02-09,142,120+,6211.43
CLM-011753,UnitedHealthcare,2026-02-10,141,120+,7348.75
CLM-015183,Cigna,2026-02-11,140,120+,4071.83
CLM-016945,Medicaid,2026-02-11,140,120+,10214.27
CLM-024288,Humana Medicare Advantage,2026-02-11,140,120+,9715.71
CLM-027125,Medicare,2026-02-11,140,120+,1428.69
CLM-001058,Blue Cross Blue Shield,2026-02-12,139,120+,13519.3
CLM-000212,Humana Medicare Advantage,2026-02-13,138,120+,590.09
CLM-015775,Blue Cross Blue Shield,2026-02-13,138,120+,620.63
CLM-018583,Cigna,2026-02-13,138,120+,2684.69
CLM-006748,State Workers' Compensation,2026-02-14,137,120+,1979.1
CLM-025402,UnitedHealthcare,2026-02-14,137,120+,272.45
CLM-027117,UnitedHealthcare,2026-02-14,137,120+,410.41
CLM-008665,Self-Pay,2026-02-17,134,120+,11862.24
CLM-013700,Aetna,2026-02-17,134,120+,354.32
CLM-010358,Medicaid,2026-02-18,133,120+,3959.89
CLM-003344,Cigna,2026-02-19,132,120+,836.18
CLM-025764,Humana Medicare Advantage,2026-02-19,132,120+,3386.83
CLM-002856,Blue Cross Blue Shield,2026-02-20,131,120+,14818.36
CLM-004998,Medicaid,2026-02-20,131,120+,4674.34
CLM-003151,Blue Cross Blue Shield,2026-02-21,130,120+,784.74
CLM-011195,Blue Cross Blue Shield,2026-02-22,129,120+,211.45
CLM-019265,TRICARE,2026-02-22,129,120+,9286.35
CLM-004003,Medicare,2026-02-23,128,120+,4907.92
CLM-012632,Cigna,2026-02-23,128,120+,14303.9
CLM-003557,Blue Cross Blue Shield,2026-02-24,127,120+,4144.8
CLM-001354,Medicare,2026-02-25,126,120+,7192.77
CLM-005956,Medicare,2026-02-26,125,120+,311.31
CLM-012734,Medicare,2026-02-26,125,120+,198.94
CLM-024547,Medicare,2026-02-26,125,120+,5464.06
CLM-016543,Blue Cross Blue Shield,2026-02-27,124,120+,5362.18
CLM-003387,Blue Cross Blue Shield,2026-02-28,123,120+,4145.2
CLM-006735,Humana Medicare Advantage,2026-02-28,123,120+,3872.26
CLM-007714,Medicare,2026-02-28,123,120+,1204.61
CLM-011937,Medicaid,2026-02-28,123,120+,2962.6
CLM-021659,Medicare,2026-02-28,123,120+,1092.49
CLM-026293,Cigna,2026-02-28,123,120+,204.38
CLM-020131,Medicaid,2026-03-01,122,120+,20806.36
CLM-007976,Aetna,2026-03-02,121,120+,334.68
CLM-013324,TRICARE,2026-03-03,120,91-120,1016.58
CLM-014132,Cigna,2026-03-03,120,91-120,197.42
CLM-005637,Blue Cross Blue Shield,2026-03-04,119,91-120,4003.96
CLM-014421,Humana Medicare Advantage,2026-03-04,119,91-120,4526.2
CLM-015635,Molina Healthcare,2026-03-04,119,91-120,324.33
CLM-018969,Aetna,2026-03-04,119,91-120,502.7
CLM-025443,Medicaid,2026-03-05,118,91-120,446.79
CLM-012476,Molina Healthcare,2026-03-07,116,91-120,403.69
CLM-004912,Medicare,2026-03-08,115,91-120,4389.57
CLM-014143,Medicare,2026-03-08,115,91-120,17523.29
CLM-015464,Medicaid,2026-03-08,115,91-120,1727.32
CLM-021571,Medicare,2026-03-08,115,91-120,9032.03
CLM-001388,Medicare,2026-03-09,114,91-120,15811.95
CLM-021600,Medicare,2026-03-09,114,91-120,332.08
CLM-025183,Medicare,2026-03-09,114,91-120,180.67
CLM-028450,Humana Medicare Advantage,2026-03-09,114,91-120,497.19
CLM-029227,State Workers' Compensation,2026-03-09,114,91-120,11674.36
CLM-007597,Humana Medicare Advantage,2026-03-10,113,91-120,4850.89
CLM-025096,UnitedHealthcare,2026-03-10,113,91-120,12708.81
CLM-016116,Cigna,2026-03-11,112,91-120,709.1
CLM-022094,Blue Cross Blue Shield,2026-03-12,111,91-120,1709.96
CLM-027134,Cigna,2026-03-12,111,91-120,4932.99
CLM-002500,Humana Medicare Advantage,2026-03-14,109,91-120,4249.89
CLM-029658,UnitedHealthcare,2026-03-14,109,91-120,3560.28
CLM-002002,UnitedHealthcare,2026-03-15,108,91-120,128.71
CLM-011338,Medicare,2026-03-16,107,91-120,616.78
CLM-028105,Cigna,2026-03-16,107,91-120,2006.85
CLM-029465,Humana Medicare Advantage,2026-03-17,106,91-120,682.32
CLM-004229,Medicare,2026-03-18,105,91-120,914.22
CLM-013223,Medicaid,2026-03-18,105,91-120,586.43
CLM-016376,Molina Healthcare,2026-03-18,105,91-120,374.1
CLM-020953,Medicaid,2026-03-18,105,91-120,7853.35
CLM-027508,Blue Cross Blue Shield,2026-03-18,105,91-120,6682.56
CLM-013547,Aetna,2026-03-19,104,91-120,3107.89
CLM-018917,Molina Healthcare,2026-03-19,104,91-120,301.64
CLM-020567,Blue Cross Blue Shield,2026-03-21,102,91-120,396.17
CLM-021284,Medicare,2026-03-21,102,91-120,580.93
CLM-027576,Medicare,2026-03-21,102,91-120,13313.16
CLM-019901,Molina Healthcare,2026-03-23,100,91-120,496.18
CLM-013503,Blue Cross Blue Shield,2026-03-24,99,91-120,16089.24
CLM-018638,Medicare,2026-03-24,99,91-120,3849.07
CLM-021449,Medicare,2026-03-24,99,91-120,1107.92
CLM-005028,Medicare,2026-03-26,97,91-120,7214.03
CLM-005352,Medicare,2026-03-26,97,91-120,7432.54
CLM-013113,Medicaid,2026-03-26,97,91-120,2481.96
CLM-014379,Humana Medicare Advantage,2026-03-26,97,91-120,27000.52
CLM-002437,Medicaid,2026-03-27,96,91-120,265.66
CLM-017692,Humana Medicare Advantage,2026-03-27,96,91-120,7817.28
CLM-002017,Molina Healthcare,2026-03-28,95,91-120,327.99
CLM-009970,Humana Medicare Advantage,2026-03-29,94,91-120,395.25
CLM-023894,Medicare,2026-03-29,94,91-120,7379.92
CLM-028928,Medicare,2026-03-31,92,91-120,144.54
CLM-001552,Medicaid,2026-04-01,91,91-120,1719.83
CLM-019185,Blue Cross Blue Shield,2026-04-01,91,91-120,11412.54
CLM-016043,Medicare,2026-04-02,90,61-90,1455.62
CLM-020726,Humana Medicare Advantage,2026-04-02,90,61-90,374.06
CLM-029963,UnitedHealthcare,2026-04-02,90,61-90,9915.64
CLM-005596,Medicare,2026-04-03,89,61-90,2998.08
CLM-007058,Aetna,2026-04-03,89,61-90,591.0
CLM-008945,UnitedHealthcare,2026-04-03,89,61-90,1235.92
CLM-015291,Medicare,2026-04-03,89,61-90,309.83
CLM-018510,Molina Healthcare,2026-04-03,89,61-90,333.38
CLM-029388,Cigna,2026-04-03,89,61-90,2144.59
CLM-001044,UnitedHealthcare,2026-04-04,88,61-90,1887.81
CLM-004005,Aetna,2026-04-04,88,61-90,24577.75
CLM-016290,Medicare,2026-04-04,88,61-90,1137.56
CLM-021644,UnitedHealthcare,2026-04-04,88,61-90,11289.0
CLM-027294,Blue Cross Blue Shield,2026-04-04,88,61-90,908.5
CLM-029722,Medicare,2026-04-04,88,61-90,3267.51
CLM-001292,Cigna,2026-04-05,87,61-90,340.45
CLM-004481,Medicare,2026-04-05,87,61-90,308.42
CLM-006017,Medicare,2026-04-05,87,61-90,341.72
CLM-012741,Humana Medicare Advantage,2026-04-05,87,61-90,1137.72
CLM-017062,Medicare,2026-04-05,87,61-90,3296.2
CLM-020181,Cigna,2026-04-05,87,61-90,1109.49
CLM-025587,Medicaid,2026-04-05,87,61-90,562.01
CLM-001807,UnitedHealthcare,2026-04-06,86,61-90,2359.58
CLM-017826,Molina Healthcare,2026-04-06,86,61-90,6475.63
CLM-000645,Medicaid,2026-04-07,85,61-90,323.18
CLM-007951,Blue Cross Blue Shield,2026-04-07,85,61-90,210.71
CLM-014144,Medicaid,2026-04-07,85,61-90,1957.59
CLM-015297,Cigna,2026-04-07,85,61-90,292.94
CLM-017825,Medicaid,2026-04-07,85,61-90,152.42
CLM-022646,Humana Medicare Advantage,2026-04-07,85,61-90,1147.68
CLM-025731,Cigna,2026-04-07,85,61-90,12580.21
CLM-029406,UnitedHealthcare,2026-04-07,85,61-90,388.7
CLM-029743,Medicare,2026-04-07,85,61-90,2706.79
CLM-004056,Aetna,2026-04-08,84,61-90,312.53
CLM-010343,Blue Cross Blue Shield,2026-04-08,84,61-90,460.29
CLM-017057,Humana Medicare Advantage,2026-04-08,84,61-90,288.93
CLM-026997,Medicare,2026-04-08,84,61-90,586.97
CLM-027091,Medicaid,2026-04-08,84,61-90,358.32
CLM-001851,Blue Cross Blue Shield,2026-04-09,83,61-90,276.32
CLM-006585,Humana Medicare Advantage,2026-04-09,83,61-90,230.01
CLM-007473,Molina Healthcare,2026-04-09,83,61-90,16493.69
CLM-008513,Blue Cross Blue Shield,2026-04-09,83,61-90,305.49
CLM-009159,Molina Healthcare,2026-04-09,83,61-90,5845.5
CLM-014632,Medicare,2026-04-09,83,61-90,349.02
CLM-020617,Self-Pay,2026-04-09,83,61-90,6003.72
CLM-025488,Medicare,2026-04-09,83,61-90,8824.94
CLM-000759,UnitedHealthcare,2026-04-10,82,61-90,512.31
CLM-001523,Medicare,2026-04-10,82,61-90,357.68
CLM-004458,Aetna,2026-04-10,82,61-90,788.37
CLM-013413,Aetna,2026-04-10,82,61-90,251.91
CLM-021625,Blue Cross Blue Shield,2026-04-10,82,61-90,248.28
CLM-023000,UnitedHealthcare,2026-04-10,82,61-90,7662.78
CLM-001339,Humana Medicare Advantage,2026-04-11,81,61-90,311.33
CLM-003819,Humana Medicare Advantage,2026-04-11,81,61-90,749.13
CLM-012629,Medicare,2026-04-11,81,61-90,1268.92
CLM-012743,Medicare,2026-04-11,81,61-90,141.14
CLM-016358,Blue Cross Blue Shield,2026-04-11,81,61-90,2063.23
CLM-017649,Humana Medicare Advantage,2026-04-11,81,61-90,353.19
CLM-019537,UnitedHealthcare,2026-04-11,81,61-90,160.54
CLM-001379,UnitedHealthcare,2026-04-12,80,61-90,344.41
CLM-004033,TRICARE,2026-04-12,80,61-90,3237.78
CLM-007945,Humana Medicare Advantage,2026-04-12,80,61-90,320.73
CLM-017279,UnitedHealthcare,2026-04-12,80,61-90,5089.01
CLM-022307,TRICARE,2026-04-12,80,61-90,2720.4
CLM-027246,Cigna,2026-04-12,80,61-90,15622.48
CLM-002225,Self-Pay,2026-04-13,79,61-90,230.52
CLM-007208,Humana Medicare Advantage,2026-04-13,79,61-90,333.81
CLM-016938,Medicare,2026-04-13,79,61-90,206.7
CLM-022128,Cigna,2026-04-13,79,61-90,13591.04
CLM-028532,Humana Medicare Advantage,2026-04-13,79,61-90,3159.9
CLM-003031,Medicaid,2026-04-14,78,61-90,10935.5
CLM-011352,Humana Medicare Advantage,2026-04-14,78,61-90,11197.84
CLM-018729,UnitedHealthcare,2026-04-14,78,61-90,2858.12
CLM-027301,Cigna,2026-04-14,78,61-90,231.17
CLM-000159,Molina Healthcare,2026-04-15,77,61-90,2692.04
CLM-010015,Cigna,2026-04-15,77,61-90,1442.09
CLM-012021,Medicare,2026-04-15,77,61-90,227.4
CLM-024872,TRICARE,2026-04-15,77,61-90,1568.41
CLM-000777,Aetna,2026-04-16,76,61-90,5579.46
CLM-002497,Aetna,2026-04-16,76,61-90,551.36
CLM-004652,Medicaid,2026-04-16,76,61-90,361.7
CLM-019948,Aetna,2026-04-16,76,61-90,2356.2
CLM-024866,Blue Cross Blue Shield,2026-04-16,76,61-90,223.19
CLM-008629,Blue Cross Blue Shield,2026-04-17,75,61-90,3389.65
CLM-015414,Humana Medicare Advantage,2026-04-17,75,61-90,554.86
CLM-016730,UnitedHealthcare,2026-04-17,75,61-90,4786.03
CLM-017003,UnitedHealthcare,2026-04-17,75,61-90,7106.11
CLM-018305,TRICARE,2026-04-17,75,61-90,272.6
CLM-021111,Cigna,2026-04-17,75,61-90,7110.89
CLM-002261,Medicaid,2026-04-18,74,61-90,232.73
CLM-004774,Blue Cross Blue Shield,2026-04-18,74,61-90,1847.07
CLM-009208,Humana Medicare Advantage,2026-04-18,74,61-90,333.68
CLM-014070,Molina Healthcare,2026-04-18,74,61-90,14359.17
CLM-020332,UnitedHealthcare,2026-04-18,74,61-90,5498.54
CLM-027803,Cigna,2026-04-18,74,61-90,5238.65
CLM-000036,Molina Healthcare,2026-04-19,73,61-90,7789.85
CLM-010024,UnitedHealthcare,2026-04-19,73,61-90,1586.76
CLM-018735,Medicare,2026-04-19,73,61-90,11209.87
CLM-022745,UnitedHealthcare,2026-04-19,73,61-90,1348.49
CLM-028817,Humana Medicare Advantage,2026-04-19,73,61-90,1253.12
CLM-003574,UnitedHealthcare,2026-04-20,72,61-90,2975.7
CLM-005075,Medicare,2026-04-20,72,61-90,2212.49
CLM-008428,Medicare,2026-04-20,72,61-90,4302.72
CLM-010791,Aetna,2026-04-20,72,61-90,1370.36
CLM-017568,Blue Cross Blue Shield,2026-04-20,72,61-90,9095.97
CLM-021765,UnitedHealthcare,2026-04-20,72,61-90,3193.85
CLM-029657,Medicare,2026-04-20,72,61-90,114.94
CLM-012955,Medicaid,2026-04-21,71,61-90,14257.84
CLM-025013,Cigna,2026-04-21,71,61-90,9733.54
CLM-028711,Blue Cross Blue Shield,2026-04-21,71,61-90,890.97
CLM-000263,Humana Medicare Advantage,2026-04-22,70,61-90,1430.27
CLM-005052,Aetna,2026-04-22,70,61-90,4585.55
CLM-005482,Cigna,2026-04-22,70,61-90,5674.84
CLM-025053,TRICARE,2026-04-22,70,61-90,330.27
CLM-026096,Self-Pay,2026-04-22,70,61-90,5429.52
CLM-002703,Medicare,2026-04-23,69,61-90,2023.45
CLM-005031,UnitedHealthcare,2026-04-23,69,61-90,2157.65
CLM-007224,Medicaid,2026-04-23,69,61-90,2688.91
CLM-008028,Blue Cross Blue Shield,2026-04-23,69,61-90,2752.72
CLM-009255,Aetna,2026-04-23,69,61-90,6900.85
CLM-027726,Self-Pay,2026-04-23,69,61-90,12751.99
CLM-028476,Molina Healthcare,2026-04-23,69,61-90,379.98
CLM-002557,Aetna,2026-04-24,68,61-90,11924.43
CLM-009267,Blue Cross Blue Shield,2026-04-24,68,61-90,441.59
CLM-014138,Humana Medicare Advantage,2026-04-24,68,61-90,193.34
CLM-017686,Molina Healthcare,2026-04-24,68,61-90,402.42
CLM-018332,Medicare,2026-04-24,68,61-90,2082.33
CLM-024308,Blue Cross Blue Shield,2026-04-24,68,61-90,7330.23
CLM-024847,Cigna,2026-04-24,68,61-90,1158.57
CLM-003297,Medicaid,2026-04-25,67,61-90,9298.28
CLM-013309,Humana Medicare Advantage,2026-04-25,67,61-90,9954.18
CLM-015564,Cigna,2026-04-25,67,61-90,3972.25
CLM-020089,Humana Medicare Advantage,2026-04-25,67,61-90,1349.55
CLM-020172,Medicare,2026-04-25,67,61-90,14156.48
CLM-022194,Aetna,2026-04-25,67,61-90,2951.98
CLM-023173,Humana Medicare Advantage,2026-04-25,67,61-90,2285.6
CLM-004173,Molina Healthcare,2026-04-26,66,61-90,395.88
CLM-007158,TRICARE,2026-04-26,66,61-90,158.49
CLM-014117,Humana Medicare Advantage,2026-04-26,66,61-90,15760.24
CLM-014805,Medicare,2026-04-26,66,61-90,428.05
CLM-016423,Medicaid,2026-04-26,66,61-90,1928.21
CLM-025479,UnitedHealthcare,2026-04-26,66,61-90,309.25
CLM-005224,TRICARE,2026-04-27,65,61-90,6329.8
CLM-008469,Humana Medicare Advantage,2026-04-27,65,61-90,853.13
CLM-009257,Medicare,2026-04-27,65,61-90,3806.84
CLM-014364,Medicaid,2026-04-27,65,61-90,345.5
CLM-023046,State Workers' Compensation,2026-04-27,65,61-90,14613.56
CLM-000485,Blue Cross Blue Shield,2026-04-28,64,61-90,869.18
CLM-003832,Humana Medicare Advantage,2026-04-28,64,61-90,234.62
CLM-008680,Molina Healthcare,2026-04-29,63,61-90,2882.02
CLM-009853,Medicare,2026-04-29,63,61-90,1253.12
CLM-011620,Medicare,2026-04-29,63,61-90,1711.01
CLM-022121,Humana Medicare Advantage,2026-04-29,63,61-90,850.04
CLM-004234,UnitedHealthcare,2026-04-30,62,61-90,3502.53
CLM-006433,Medicare,2026-04-30,62,61-90,1108.52
CLM-015957,Molina Healthcare,2026-04-30,62,61-90,9379.2
CLM-017783,UnitedHealthcare,2026-04-30,62,61-90,717.99
CLM-004507,Cigna,2026-05-01,61,61-90,1272.64
CLM-006059,Medicare,2026-05-01,61,61-90,432.01
CLM-007025,State Workers' Compensation,2026-05-01,61,61-90,9577.45
CLM-009366,Self-Pay,2026-05-01,61,61-90,1912.26
CLM-010890,Medicare,2026-05-01,61,61-90,348.26
CLM-012151,Humana Medicare Advantage,2026-05-01,61,61-90,663.33
CLM-022896,Medicare,2026-05-01,61,61-90,388.74
CLM-027239,Medicare,2026-05-01,61,61-90,172.04
CLM-027273,TRICARE,2026-05-01,61,61-90,3098.38
CLM-007035,State Workers' Compensation,2026-05-02,60,31-60,3672.84
CLM-011474,Cigna,2026-05-03,59,31-60,14357.18
CLM-018472,UnitedHealthcare,2026-05-03,59,31-60,266.05
CLM-020711,Blue Cross Blue Shield,2026-05-03,59,31-60,865.29
CLM-024626,Medicare,2026-05-03,59,31-60,9614.37
CLM-029850,Medicare,2026-05-03,59,31-60,2589.96
CLM-020609,Blue Cross Blue Shield,2026-05-04,58,31-60,4963.48
CLM-001094,Blue Cross Blue Shield,2026-05-05,57,31-60,1048.07
CLM-006170,Humana Medicare Advantage,2026-05-05,57,31-60,28316.84
CLM-008932,Blue Cross Blue Shield,2026-05-05,57,31-60,4203.31
CLM-010687,Humana Medicare Advantage,2026-05-05,57,31-60,381.73
CLM-019060,Medicare,2026-05-05,57,31-60,11005.8
CLM-019116,Humana Medicare Advantage,2026-05-05,57,31-60,218.93
CLM-006531,Humana Medicare Advantage,2026-05-06,56,31-60,340.69
CLM-014251,Humana Medicare Advantage,2026-05-06,56,31-60,286.61
CLM-020554,Humana Medicare Advantage,2026-05-06,56,31-60,309.71
CLM-021072,Aetna,2026-05-06,56,31-60,13778.22
CLM-025806,Molina Healthcare,2026-05-06,56,31-60,427.62
CLM-026990,Molina Healthcare,2026-05-06,56,31-60,371.32
CLM-003676,Aetna,2026-05-07,55,31-60,2842.44
CLM-005748,TRICARE,2026-05-07,55,31-60,924.65
CLM-015516,Aetna,2026-05-07,55,31-60,8553.74
CLM-016567,TRICARE,2026-05-07,55,31-60,19515.27
CLM-011386,Humana Medicare Advantage,2026-05-08,54,31-60,471.26
CLM-016459,Medicare,2026-05-08,54,31-60,1163.99
CLM-019351,Molina Healthcare,2026-05-08,54,31-60,1061.97
CLM-023071,Medicaid,2026-05-08,54,31-60,1451.57
CLM-006529,Cigna,2026-05-09,53,31-60,2614.36
CLM-009198,Molina Healthcare,2026-05-09,53,31-60,3336.91
CLM-009344,Humana Medicare Advantage,2026-05-09,53,31-60,5704.2
CLM-001299,Molina Healthcare,2026-05-10,52,31-60,387.59
CLM-011700,Aetna,2026-05-10,52,31-60,2519.44
CLM-015609,Medicare,2026-05-10,52,31-60,1142.73
CLM-019023,Humana Medicare Advantage,2026-05-10,52,31-60,2131.15
CLM-022052,Aetna,2026-05-10,52,31-60,2112.67
CLM-026298,TRICARE,2026-05-10,52,31-60,173.41
CLM-026313,Blue Cross Blue Shield,2026-05-10,52,31-60,1314.19
CLM-001810,Aetna,2026-05-11,51,31-60,208.07
CLM-002004,Medicare,2026-05-11,51,31-60,1699.14
CLM-017693,Cigna,2026-05-11,51,31-60,1457.46
CLM-019318,Blue Cross Blue Shield,2026-05-11,51,31-60,2149.47
CLM-021569,Aetna,2026-05-11,51,31-60,1200.84
CLM-022729,Cigna,2026-05-11,51,31-60,178.78
CLM-009622,Cigna,2026-05-12,50,31-60,140.74
CLM-011992,Medicare,2026-05-12,50,31-60,508.47
CLM-015521,Cigna,2026-05-12,50,31-60,3204.82
CLM-015966,Molina Healthcare,2026-05-12,50,31-60,385.65
CLM-024296,UnitedHealthcare,2026-05-12,50,31-60,513.55
CLM-000224,Cigna,2026-05-13,49,31-60,1089.28
CLM-008639,Medicare,2026-05-13,49,31-60,1579.66
CLM-022357,Humana Medicare Advantage,2026-05-13,49,31-60,8321.22
CLM-027417,Cigna,2026-05-13,49,31-60,1285.97
CLM-029507,Self-Pay,2026-05-13,49,31-60,373.19
CLM-003046,Molina Healthcare,2026-05-14,48,31-60,802.85
CLM-015124,Medicaid,2026-05-14,48,31-60,1274.85
CLM-016629,Medicaid,2026-05-14,48,31-60,1898.26
CLM-001446,Medicare,2026-05-15,47,31-60,1129.11
CLM-005401,Blue Cross Blue Shield,2026-05-15,47,31-60,352.81
CLM-008165,Self-Pay,2026-05-15,47,31-60,7754.09
CLM-014109,Cigna,2026-05-15,47,31-60,10583.02
CLM-017432,Medicaid,2026-05-15,47,31-60,568.73
CLM-017885,Self-Pay,2026-05-15,47,31-60,7651.48
CLM-019769,Blue Cross Blue Shield,2026-05-15,47,31-60,1696.53
CLM-026797,Humana Medicare Advantage,2026-05-15,47,31-60,818.24
CLM-027491,Aetna,2026-05-15,47,31-60,972.14
CLM-016602,Humana Medicare Advantage,2026-05-16,46,31-60,5762.15
CLM-018995,Humana Medicare Advantage,2026-05-16,46,31-60,1174.8
CLM-020371,UnitedHealthcare,2026-05-16,46,31-60,1921.81
CLM-022687,TRICARE,2026-05-16,46,31-60,6391.16
CLM-001491,Medicaid,2026-05-17,45,31-60,4938.9
CLM-010247,Medicare,2026-05-17,45,31-60,1579.41
CLM-011041,Humana Medicare Advantage,2026-05-17,45,31-60,3258.72
CLM-017546,Molina Healthcare,2026-05-17,45,31-60,5133.23
CLM-023357,Humana Medicare Advantage,2026-05-17,45,31-60,173.51
CLM-029043,Molina Healthcare,2026-05-17,45,31-60,251.31
CLM-000850,UnitedHealthcare,2026-05-18,44,31-60,286.72
CLM-001806,Medicare,2026-05-18,44,31-60,2035.58
CLM-003750,UnitedHealthcare,2026-05-18,44,31-60,8995.67
CLM-007398,Medicare,2026-05-18,44,31-60,1034.46
CLM-010178,Humana Medicare Advantage,2026-05-18,44,31-60,336.8
CLM-010474,Blue Cross Blue Shield,2026-05-18,44,31-60,571.68
CLM-010807,Cigna,2026-05-18,44,31-60,819.8
CLM-012401,Medicare,2026-05-18,44,31-60,2257.72
CLM-014478,Medicare,2026-05-18,44,31-60,222.97
CLM-017717,Blue Cross Blue Shield,2026-05-18,44,31-60,200.58
CLM-022703,Medicare,2026-05-18,44,31-60,2039.98
CLM-023963,Self-Pay,2026-05-18,44,31-60,394.07
CLM-026769,Medicaid,2026-05-18,44,31-60,1965.97
CLM-001652,Blue Cross Blue Shield,2026-05-19,43,31-60,1595.67
CLM-007765,Humana Medicare Advantage,2026-05-19,43,31-60,721.82
CLM-008020,Blue Cross Blue Shield,2026-05-19,43,31-60,274.82
CLM-009051,Medicare,2026-05-19,43,31-60,6386.19
CLM-011019,Medicare,2026-05-19,43,31-60,4461.79
CLM-012232,Humana Medicare Advantage,2026-05-19,43,31-60,1557.67
CLM-016405,Humana Medicare Advantage,2026-05-19,43,31-60,123.16
CLM-016988,Blue Cross Blue Shield,2026-05-19,43,31-60,1801.83
CLM-018660,UnitedHealthcare,2026-05-19,43,31-60,361.11
CLM-019319,TRICARE,2026-05-19,43,31-60,4868.23
CLM-019489,Humana Medicare Advantage,2026-05-19,43,31-60,4414.56
CLM-020194,Molina Healthcare,2026-05-19,43,31-60,425.19
CLM-021584,UnitedHealthcare,2026-05-19,43,31-60,241.45
CLM-024277,Humana Medicare Advantage,2026-05-19,43,31-60,9773.44
CLM-026321,Cigna,2026-05-19,43,31-60,12554.41
CLM-029782,Medicare,2026-05-19,43,31-60,10748.26
CLM-001673,Medicare,2026-05-20,42,31-60,4636.03
CLM-003942,Aetna,2026-05-20,42,31-60,1137.3
CLM-009888,Medicare,2026-05-20,42,31-60,5116.75
CLM-018364,Blue Cross Blue Shield,2026-05-20,42,31-60,10108.72
CLM-020265,Humana Medicare Advantage,2026-05-20,42,31-60,462.92
CLM-021137,Humana Medicare Advantage,2026-05-20,42,31-60,8346.0
CLM-028054,Self-Pay,2026-05-20,42,31-60,3099.54
CLM-001035,Medicare,2026-05-21,41,31-60,119.3
CLM-003521,Humana Medicare Advantage,2026-05-21,41,31-60,332.91
CLM-004793,Medicare,2026-05-21,41,31-60,1534.94
CLM-007589,UnitedHealthcare,2026-05-21,41,31-60,4968.24
CLM-008745,Medicare,2026-05-21,41,31-60,691.54
CLM-010879,Blue Cross Blue Shield,2026-05-21,41,31-60,18367.56
CLM-011756,Humana Medicare Advantage,2026-05-21,41,31-60,282.74
CLM-012732,Humana Medicare Advantage,2026-05-21,41,31-60,3082.82
CLM-015030,Blue Cross Blue Shield,2026-05-21,41,31-60,805.07
CLM-021397,Humana Medicare Advantage,2026-05-21,41,31-60,2055.26
CLM-022780,Molina Healthcare,2026-05-21,41,31-60,242.48
CLM-024418,Medicare,2026-05-21,41,31-60,1087.35
CLM-026813,Medicaid,2026-05-21,41,31-60,1107.24
CLM-000902,UnitedHealthcare,2026-05-22,40,31-60,257.59
CLM-002109,Self-Pay,2026-05-22,40,31-60,1641.34
CLM-002219,Molina Healthcare,2026-05-22,40,31-60,8298.48
CLM-002833,UnitedHealthcare,2026-05-22,40,31-60,1629.6
CLM-004341,Blue Cross Blue Shield,2026-05-22,40,31-60,266.28
CLM-005483,Medicaid,2026-05-22,40,31-60,532.56
CLM-007250,TRICARE,2026-05-22,40,31-60,8086.82
CLM-010723,UnitedHealthcare,2026-05-22,40,31-60,255.59
CLM-012209,Blue Cross Blue Shield,2026-05-22,40,31-60,875.36
CLM-013048,Cigna,2026-05-22,40,31-60,202.2
CLM-016511,Humana Medicare Advantage,2026-05-22,40,31-60,1507.31
CLM-017346,Cigna,2026-05-22,40,31-60,6607.99
CLM-018425,Humana Medicare Advantage,2026-05-22,40,31-60,2049.74
CLM-019973,Aetna,2026-05-22,40,31-60,6648.85
CLM-022358,UnitedHealthcare,2026-05-22,40,31-60,542.3
CLM-022586,TRICARE,2026-05-22,40,31-60,15836.83
CLM-023542,Molina Healthcare,2026-05-22,40,31-60,2468.42
CLM-024349,Blue Cross Blue Shield,2026-05-22,40,31-60,13209.33
CLM-028017,Self-Pay,2026-05-22,40,31-60,3788.3
CLM-028915,Humana Medicare Advantage,2026-05-22,40,31-60,201.07
CLM-028982,Medicaid,2026-05-22,40,31-60,2323.77
CLM-029260,Medicare,2026-05-22,40,31-60,232.3
CLM-000815,Humana Medicare Advantage,2026-05-23,39,31-60,4355.4
CLM-001003,UnitedHealthcare,2026-05-23,39,31-60,429.85
CLM-003855,Medicare,2026-05-23,39,31-60,3135.71
CLM-004252,Cigna,2026-05-23,39,31-60,2103.56
CLM-004374,Aetna,2026-05-23,39,31-60,478.3
CLM-006373,Medicare,2026-05-23,39,31-60,14211.19
CLM-006516,Aetna,2026-05-23,39,31-60,5997.6
CLM-009574,Humana Medicare Advantage,2026-05-23,39,31-60,1798.19
CLM-012569,Humana Medicare Advantage,2026-05-23,39,31-60,9665.46
CLM-014403,UnitedHealthcare,2026-05-23,39,31-60,6150.78
CLM-019031,Medicaid,2026-05-23,39,31-60,19119.78
CLM-020761,Medicare,2026-05-23,39,31-60,4742.55
CLM-021325,Humana Medicare Advantage,2026-05-23,39,31-60,5014.07
CLM-024420,Humana Medicare Advantage,2026-05-23,39,31-60,3166.99
CLM-026613,Medicaid,2026-05-23,39,31-60,1183.8
CLM-028590,Medicare,2026-05-23,39,31-60,2042.97
CLM-029252,Blue Cross Blue Shield,2026-05-23,39,31-60,1954.92
CLM-001002,UnitedHealthcare,2026-05-24,38,31-60,1164.47
CLM-004424,Medicare,2026-05-24,38,31-60,14421.8
CLM-004468,Aetna,2026-05-24,38,31-60,7824.6
CLM-005274,UnitedHealthcare,2026-05-24,38,31-60,1088.99
CLM-008077,Humana Medicare Advantage,2026-05-24,38,31-60,191.62
CLM-010796,UnitedHealthcare,2026-05-24,38,31-60,19781.49
CLM-013043,Humana Medicare Advantage,2026-05-24,38,31-60,7462.19
CLM-013803,Aetna,2026-05-24,38,31-60,6855.53
CLM-014494,Self-Pay,2026-05-24,38,31-60,689.25
CLM-014525,Medicare,2026-05-24,38,31-60,1199.55
CLM-014809,Medicaid,2026-05-24,38,31-60,2776.43
CLM-015941,Molina Healthcare,2026-05-24,38,31-60,1751.56
CLM-016851,State Workers' Compensation,2026-05-24,38,31-60,7561.49
CLM-018815,Humana Medicare Advantage,2026-05-24,38,31-60,12644.99
CLM-020365,Blue Cross Blue Shield,2026-05-24,38,31-60,1267.08
CLM-021124,Aetna,2026-05-24,38,31-60,531.04
CLM-021698,Self-Pay,2026-05-24,38,31-60,14038.82
CLM-022503,Medicare,2026-05-24,38,31-60,395.54
CLM-026508,UnitedHealthcare,2026-05-24,38,31-60,328.19
CLM-027547,Humana Medicare Advantage,2026-05-24,38,31-60,3983.78
CLM-001642,UnitedHealthcare,2026-05-25,37,31-60,7744.96
CLM-004453,Medicaid,2026-05-25,37,31-60,2536.71
CLM-010125,Medicare,2026-05-25,37,31-60,400.83
CLM-011061,Molina Healthcare,2026-05-25,37,31-60,373.53
CLM-017258,Medicare,2026-05-25,37,31-60,5027.57
CLM-020268,Aetna,2026-05-25,37,31-60,5079.03
CLM-020987,UnitedHealthcare,2026-05-25,37,31-60,313.14
CLM-022374,Humana Medicare Advantage,2026-05-25,37,31-60,1362.49
CLM-001264,Cigna,2026-05-26,36,31-60,204.07
CLM-002905,Medicaid,2026-05-26,36,31-60,752.57
CLM-003195,Self-Pay,2026-05-26,36,31-60,15681.79
CLM-008274,Medicaid,2026-05-26,36,31-60,1085.46
CLM-008596,Blue Cross Blue Shield,2026-05-26,36,31-60,2491.81
CLM-011181,Medicare,2026-05-26,36,31-60,5111.9
CLM-011242,Humana Medicare Advantage,2026-05-26,36,31-60,1160.23
CLM-012331,Molina Healthcare,2026-05-26,36,31-60,1169.45
CLM-013222,Medicare,2026-05-26,36,31-60,14352.42
CLM-015261,Medicare,2026-05-26,36,31-60,984.92
CLM-018082,Molina Healthcare,2026-05-26,36,31-60,160.73
CLM-019818,TRICARE,2026-05-26,36,31-60,6336.5
CLM-020360,Humana Medicare Advantage,2026-05-26,36,31-60,1058.31
CLM-024276,Blue Cross Blue Shield,2026-05-26,36,31-60,7480.6
CLM-024316,Blue Cross Blue Shield,2026-05-26,36,31-60,267.64
CLM-025737,Self-Pay,2026-05-26,36,31-60,493.16
CLM-025868,Medicaid,2026-05-26,36,31-60,3437.38
CLM-002751,Blue Cross Blue Shield,2026-05-27,35,31-60,2470.61
CLM-003649,Medicare,2026-05-27,35,31-60,11716.43
CLM-006150,Aetna,2026-05-27,35,31-60,471.06
CLM-007196,Medicare,2026-05-27,35,31-60,3503.27
CLM-008554,Humana Medicare Advantage,2026-05-27,35,31-60,507.8
CLM-008774,Medicaid,2026-05-27,35,31-60,1394.67
CLM-010275,Molina Healthcare,2026-05-27,35,31-60,162.61
CLM-011876,Medicare,2026-05-27,35,31-60,473.74
CLM-014537,Medicare,2026-05-27,35,31-60,2472.84
CLM-016276,UnitedHealthcare,2026-05-27,35,31-60,1076.92
CLM-016959,Molina Healthcare,2026-05-27,35,31-60,882.23
CLM-018002,Humana Medicare Advantage,2026-05-27,35,31-60,152.02
CLM-021595,UnitedHealthcare,2026-05-27,35,31-60,931.33
CLM-025163,Humana Medicare Advantage,2026-05-27,35,31-60,241.21
CLM-028416,Humana Medicare Advantage,2026-05-27,35,31-60,1383.1
CLM-029266,Blue Cross Blue Shield,2026-05-27,35,31-60,485.98
CLM-001804,Medicare,2026-05-28,34,31-60,368.94
CLM-003173,Medicare,2026-05-28,34,31-60,636.06
CLM-006276,Humana Medicare Advantage,2026-05-28,34,31-60,282.37
CLM-010363,Medicaid,2026-05-28,34,31-60,352.48
CLM-010947,TRICARE,2026-05-28,34,31-60,650.92
CLM-011796,Humana Medicare Advantage,2026-05-28,34,31-60,1608.32
CLM-014381,Humana Medicare Advantage,2026-05-28,34,31-60,302.6
CLM-017366,Medicare,2026-05-28,34,31-60,4246.16
CLM-017400,Blue Cross Blue Shield,2026-05-28,34,31-60,1260.48
CLM-017806,Medicaid,2026-05-28,34,31-60,2144.71
CLM-022984,UnitedHealthcare,2026-05-28,34,31-60,2562.02
CLM-023135,Medicaid,2026-05-28,34,31-60,1109.76
CLM-023703,Self-Pay,2026-05-28,34,31-60,842.64
CLM-023799,Humana Medicare Advantage,2026-05-28,34,31-60,3554.28
CLM-024273,Humana Medicare Advantage,2026-05-28,34,31-60,11521.92
CLM-025570,Cigna,2026-05-28,34,31-60,2375.56
CLM-026149,Medicare,2026-05-28,34,31-60,935.97
CLM-000239,UnitedHealthcare,2026-05-29,33,31-60,1351.97
CLM-000405,Aetna,2026-05-29,33,31-60,1569.13
CLM-002319,Aetna,2026-05-29,33,31-60,671.61
CLM-006686,Blue Cross Blue Shield,2026-05-29,33,31-60,1046.8
CLM-006725,Humana Medicare Advantage,2026-05-29,33,31-60,4748.75
CLM-009403,UnitedHealthcare,2026-05-29,33,31-60,14961.23
CLM-010092,Self-Pay,2026-05-29,33,31-60,1412.32
CLM-010744,Medicare,2026-05-29,33,31-60,4402.35
CLM-011147,Medicare,2026-05-29,33,31-60,220.84
CLM-012883,Aetna,2026-05-29,33,31-60,4363.53
CLM-015857,Humana Medicare Advantage,2026-05-29,33,31-60,269.15
CLM-016712,Humana Medicare Advantage,2026-05-29,33,31-60,3836.87
CLM-023937,Medicare,2026-05-29,33,31-60,3548.45
CLM-024114,Medicare,2026-05-29,33,31-60,361.15
CLM-025696,Medicare,2026-05-29,33,31-60,446.67
CLM-025884,Medicare,2026-05-29,33,31-60,310.12
CLM-028384,Humana Medicare Advantage,2026-05-29,33,31-60,11021.48
CLM-001548,Blue Cross Blue Shield,2026-05-30,32,31-60,469.78
CLM-002362,Molina Healthcare,2026-05-30,32,31-60,13653.89
CLM-004128,Medicaid,2026-05-30,32,31-60,553.96
CLM-008712,Humana Medicare Advantage,2026-05-30,32,31-60,6203.5
CLM-009107,Aetna,2026-05-30,32,31-60,177.29
CLM-009116,UnitedHealthcare,2026-05-30,32,31-60,6633.02
CLM-012402,Aetna,2026-05-30,32,31-60,746.14
CLM-014057,TRICARE,2026-05-30,32,31-60,1226.0
CLM-014116,UnitedHealthcare,2026-05-30,32,31-60,328.89
CLM-017385,Humana Medicare Advantage,2026-05-30,32,31-60,9089.88
CLM-017475,Humana Medicare Advantage,2026-05-30,32,31-60,11458.98
CLM-019049,Humana Medicare Advantage,2026-05-30,32,31-60,269.04
CLM-020397,Blue Cross Blue Shield,2026-05-30,32,31-60,4457.9
CLM-021988,Humana Medicare Advantage,2026-05-30,32,31-60,7409.96
CLM-024918,Molina Healthcare,2026-05-30,32,31-60,7316.74
CLM-025847,Cigna,2026-05-30,32,31-60,5707.8
CLM-026205,Aetna,2026-05-30,32,31-60,699.3
CLM-027111,Humana Medicare Advantage,2026-05-30,32,31-60,9693.82
CLM-027628,Medicaid,2026-05-30,32,31-60,5594.24
CLM-028231,Humana Medicare Advantage,2026-05-30,32,31-60,4384.93
CLM-001921,Self-Pay,2026-05-31,31,31-60,1415.62
CLM-007488,Medicare,2026-05-31,31,31-60,2997.1
CLM-009261,Humana Medicare Advantage,2026-05-31,31,31-60,606.22
CLM-010251,Blue Cross Blue Shield,2026-05-31,31,31-60,1750.54
CLM-011392,Medicare,2026-05-31,31,31-60,422.2
CLM-014325,Cigna,2026-05-31,31,31-60,4850.8
CLM-015197,Humana Medicare Advantage,2026-05-31,31,31-60,13959.45
CLM-016504,Cigna,2026-05-31,31,31-60,3617.95
CLM-017534,Humana Medicare Advantage,2026-05-31,31,31-60,3367.61
CLM-019223,Aetna,2026-05-31,31,31-60,254.46
CLM-021039,Molina Healthcare,2026-05-31,31,31-60,296.68
CLM-022869,Blue Cross Blue Shield,2026-05-31,31,31-60,1823.67
CLM-025242,Blue Cross Blue Shield,2026-05-31,31,31-60,1189.09
CLM-026799,Humana Medicare Advantage,2026-05-31,31,31-60,317.6
CLM-029154,Aetna,2026-05-31,31,31-60,2689.45
CLM-004861,Molina Healthcare,2026-06-01,30,0-30,7447.66
CLM-005868,Humana Medicare Advantage,2026-06-01,30,0-30,490.86
CLM-006208,State Workers' Compensation,2026-06-01,30,0-30,3877.97
CLM-012451,Humana Medicare Advantage,2026-06-01,30,0-30,1889.91
CLM-016508,Cigna,2026-06-01,30,0-30,3622.73
CLM-018542,Medicare,2026-06-01,30,0-30,981.67
CLM-020425,Humana Medicare Advantage,2026-06-01,30,0-30,1564.98
CLM-020497,Medicare,2026-06-01,30,0-30,360.08
CLM-020964,Medicare,2026-06-01,30,0-30,1037.48
CLM-022533,Blue Cross Blue Shield,2026-06-01,30,0-30,568.77
CLM-026472,Medicare,2026-06-01,30,0-30,6090.38
CLM-003821,Medicaid,2026-06-02,29,0-30,336.05
CLM-004569,UnitedHealthcare,2026-06-02,29,0-30,1555.63
CLM-009191,Humana Medicare Advantage,2026-06-02,29,0-30,983.02
CLM-010792,Aetna,2026-06-02,29,0-30,287.03
CLM-013876,Aetna,2026-06-02,29,0-30,2105.03
CLM-016529,Humana Medicare Advantage,2026-06-02,29,0-30,282.52
CLM-017837,Humana Medicare Advantage,2026-06-02,29,0-30,5707.26
CLM-018180,Humana Medicare Advantage,2026-06-02,29,0-30,303.84
CLM-021980,UnitedHealthcare,2026-06-02,29,0-30,2371.65
CLM-022654,Medicare,2026-06-02,29,0-30,249.27
CLM-025655,Aetna,2026-06-02,29,0-30,7267.76
CLM-027389,TRICARE,2026-06-02,29,0-30,2104.69
CLM-000622,Medicare,2026-06-03,28,0-30,4351.02
CLM-000938,Medicare,2026-06-03,28,0-30,132.9
CLM-006509,Medicaid,2026-06-03,28,0-30,2278.13
CLM-011308,Humana Medicare Advantage,2026-06-03,28,0-30,446.85
CLM-011674,Blue Cross Blue Shield,2026-06-03,28,0-30,16199.06
CLM-013461,Medicare,2026-06-03,28,0-30,1120.31
CLM-013866,UnitedHealthcare,2026-06-03,28,0-30,16126.55
CLM-015836,Self-Pay,2026-06-03,28,0-30,2650.89
CLM-016568,Blue Cross Blue Shield,2026-06-03,28,0-30,330.86
CLM-018564,Aetna,2026-06-03,28,0-30,179.28
CLM-019636,Blue Cross Blue Shield,2026-06-03,28,0-30,4341.38
CLM-019700,Humana Medicare Advantage,2026-06-03,28,0-30,227.33
CLM-020626,Medicare,2026-06-03,28,0-30,1089.68
CLM-021198,Humana Medicare Advantage,2026-06-03,28,0-30,209.72
CLM-022614,Medicare,2026-06-03,28,0-30,20674.51
CLM-023595,Molina Healthcare,2026-06-03,28,0-30,314.6
CLM-027446,Aetna,2026-06-03,28,0-30,175.54
CLM-027745,Humana Medicare Advantage,2026-06-03,28,0-30,1291.85
CLM-028692,Medicaid,2026-06-03,28,0-30,3692.92
CLM-029747,Self-Pay,2026-06-03,28,0-30,5359.03
CLM-002560,Medicare,2026-06-04,27,0-30,5173.52
CLM-006299,Aetna,2026-06-04,27,0-30,788.25
CLM-007556,Cigna,2026-06-04,27,0-30,3588.83
CLM-007730,Medicare,2026-06-04,27,0-30,1773.5
CLM-014087,Humana Medicare Advantage,2026-06-04,27,0-30,1712.48
CLM-015735,Cigna,2026-06-04,27,0-30,3887.81
CLM-016463,Molina Healthcare,2026-06-04,27,0-30,7977.04
CLM-017846,Medicaid,2026-06-04,27,0-30,887.02
CLM-018959,Cigna,2026-06-04,27,0-30,3434.04
CLM-022403,Blue Cross Blue Shield,2026-06-04,27,0-30,237.93
CLM-023017,Cigna,2026-06-04,27,0-30,303.56
CLM-026439,Medicaid,2026-06-04,27,0-30,9006.89
CLM-028925,Medicare,2026-06-04,27,0-30,5431.06
CLM-029914,Aetna,2026-06-04,27,0-30,127.91
CLM-029964,Medicare,2026-06-04,27,0-30,1973.79
CLM-000573,Self-Pay,2026-06-05,26,0-30,15279.14
CLM-005504,Humana Medicare Advantage,2026-06-05,26,0-30,193.71
CLM-006110,Molina Healthcare,2026-06-05,26,0-30,3386.26
CLM-007054,Humana Medicare Advantage,2026-06-05,26,0-30,1053.65
CLM-007173,Medicare,2026-06-05,26,0-30,169.9
CLM-010252,Humana Medicare Advantage,2026-06-05,26,0-30,233.11
CLM-011309,Aetna,2026-06-05,26,0-30,337.18
CLM-015069,Cigna,2026-06-05,26,0-30,2208.27
CLM-015886,Medicare,2026-06-05,26,0-30,8987.68
CLM-017462,Medicare,2026-06-05,26,0-30,178.24
CLM-017988,Humana Medicare Advantage,2026-06-05,26,0-30,9797.25
CLM-020679,Medicaid,2026-06-05,26,0-30,2477.31
CLM-021068,UnitedHealthcare,2026-06-05,26,0-30,263.96
CLM-022049,UnitedHealthcare,2026-06-05,26,0-30,2359.33
CLM-024948,Medicare,2026-06-05,26,0-30,1044.99
CLM-025167,Medicare,2026-06-05,26,0-30,175.26
CLM-027862,Medicare,2026-06-05,26,0-30,5584.0
CLM-028046,Medicare,2026-06-05,26,0-30,362.14
CLM-002217,UnitedHealthcare,2026-06-06,25,0-30,254.79
CLM-007036,Medicare,2026-06-06,25,0-30,6657.21
CLM-010089,Medicare,2026-06-06,25,0-30,7874.77
CLM-011893,Humana Medicare Advantage,2026-06-06,25,0-30,6580.51
CLM-013627,Medicare,2026-06-06,25,0-30,1623.81
CLM-014189,Humana Medicare Advantage,2026-06-06,25,0-30,204.5
CLM-018273,Cigna,2026-06-06,25,0-30,330.29
CLM-018857,Cigna,2026-06-06,25,0-30,1193.14
CLM-021000,Aetna,2026-06-06,25,0-30,318.25
CLM-023262,UnitedHealthcare,2026-06-06,25,0-30,14128.29
CLM-024543,Medicaid,2026-06-06,25,0-30,176.01
CLM-024681,Medicare,2026-06-06,25,0-30,259.95
CLM-025874,Molina Healthcare,2026-06-06,25,0-30,1941.91
CLM-027814,Cigna,2026-06-06,25,0-30,2958.46
CLM-000370,Aetna,2026-06-07,24,0-30,6625.51
CLM-002262,Self-Pay,2026-06-07,24,0-30,9094.52
CLM-002516,UnitedHealthcare,2026-06-07,24,0-30,14102.74
CLM-003381,UnitedHealthcare,2026-06-07,24,0-30,6904.02
CLM-005769,Blue Cross Blue Shield,2026-06-07,24,0-30,191.95
CLM-005920,Humana Medicare Advantage,2026-06-07,24,0-30,309.72
CLM-006211,Blue Cross Blue Shield,2026-06-07,24,0-30,365.18
CLM-007532,Humana Medicare Advantage,2026-06-07,24,0-30,9593.85
CLM-010697,Medicare,2026-06-07,24,0-30,1104.57
CLM-015167,State Workers' Compensation,2026-06-07,24,0-30,2544.79
CLM-018219,Cigna,2026-06-07,24,0-30,2947.92
CLM-018464,Medicaid,2026-06-07,24,0-30,7533.32
CLM-019056,UnitedHealthcare,2026-06-07,24,0-30,897.12
CLM-019366,Humana Medicare Advantage,2026-06-07,24,0-30,703.27
CLM-019947,Blue Cross Blue Shield,2026-06-07,24,0-30,194.11
CLM-020997,Medicaid,2026-06-07,24,0-30,460.87
CLM-026801,Medicaid,2026-06-07,24,0-30,5990.14
CLM-029030,Medicare,2026-06-07,24,0-30,339.39
CLM-000738,Medicaid,2026-06-08,23,0-30,1076.82
CLM-000989,Aetna,2026-06-08,23,0-30,355.77
CLM-003434,Medicare,2026-06-08,23,0-30,175.27
CLM-005550,Medicaid,2026-06-08,23,0-30,4216.28
CLM-005927,State Workers' Compensation,2026-06-08,23,0-30,12896.09
CLM-008557,Cigna,2026-06-08,23,0-30,5621.16
CLM-008604,Humana Medicare Advantage,2026-06-08,23,0-30,3998.17
CLM-011461,Humana Medicare Advantage,2026-06-08,23,0-30,1156.77
CLM-017176,Humana Medicare Advantage,2026-06-08,23,0-30,357.07
CLM-018247,Medicare,2026-06-08,23,0-30,341.28
CLM-020097,Molina Healthcare,2026-06-08,23,0-30,1784.51
CLM-022627,Medicare,2026-06-08,23,0-30,580.77
CLM-023436,Humana Medicare Advantage,2026-06-08,23,0-30,1267.7
CLM-027089,Aetna,2026-06-08,23,0-30,2504.36
CLM-027385,Humana Medicare Advantage,2026-06-08,23,0-30,468.75
CLM-029297,Medicare,2026-06-08,23,0-30,4502.48
CLM-029878,Humana Medicare Advantage,2026-06-08,23,0-30,215.26
CLM-002522,Cigna,2026-06-09,22,0-30,431.08
CLM-002897,Molina Healthcare,2026-06-09,22,0-30,5860.39
CLM-003005,Blue Cross Blue Shield,2026-06-09,22,0-30,735.73
CLM-005026,Self-Pay,2026-06-09,22,0-30,210.2
CLM-008676,UnitedHealthcare,2026-06-09,22,0-30,5025.31
CLM-013824,Medicare,2026-06-09,22,0-30,1248.7
CLM-015692,Cigna,2026-06-09,22,0-30,2017.03
CLM-016025,Blue Cross Blue Shield,2026-06-09,22,0-30,10754.16
CLM-024096,Cigna,2026-06-09,22,0-30,171.9
CLM-026344,Humana Medicare Advantage,2026-06-09,22,0-30,8056.15
CLM-026446,Medicare,2026-06-09,22,0-30,217.59
CLM-027511,Self-Pay,2026-06-09,22,0-30,1536.13
CLM-027877,Medicare,2026-06-09,22,0-30,630.53
CLM-003753,Molina Healthcare,2026-06-10,21,0-30,3260.59
CLM-005144,Molina Healthcare,2026-06-10,21,0-30,326.93
CLM-010295,Aetna,2026-06-10,21,0-30,834.52
CLM-011608,TRICARE,2026-06-10,21,0-30,114.81
CLM-011777,UnitedHealthcare,2026-06-10,21,0-30,1557.14
CLM-012313,Medicare,2026-06-10,21,0-30,9191.98
CLM-014115,Humana Medicare Advantage,2026-06-10,21,0-30,324.68
CLM-018071,Self-Pay,2026-06-10,21,0-30,727.25
CLM-020336,UnitedHealthcare,2026-06-10,21,0-30,7871.14
CLM-020607,Molina Healthcare,2026-06-10,21,0-30,11104.5
CLM-022106,Humana Medicare Advantage,2026-06-10,21,0-30,6907.11
CLM-022252,UnitedHealthcare,2026-06-10,21,0-30,1276.81
CLM-024317,Molina Healthcare,2026-06-10,21,0-30,8968.35
CLM-025902,Humana Medicare Advantage,2026-06-10,21,0-30,339.55
CLM-029323,Self-Pay,2026-06-10,21,0-30,1869.44
CLM-000323,Humana Medicare Advantage,2026-06-11,20,0-30,2340.65
CLM-001073,Humana Medicare Advantage,2026-06-11,20,0-30,3289.24
CLM-002667,Aetna,2026-06-11,20,0-30,8476.5
CLM-004254,Medicare,2026-06-11,20,0-30,7811.05
CLM-006778,Blue Cross Blue Shield,2026-06-11,20,0-30,2732.03
CLM-006922,Blue Cross Blue Shield,2026-06-11,20,0-30,184.9
CLM-008753,UnitedHealthcare,2026-06-11,20,0-30,409.39
CLM-010331,Medicaid,2026-06-11,20,0-30,6400.69
CLM-010497,Blue Cross Blue Shield,2026-06-11,20,0-30,876.17
CLM-014046,Medicare,2026-06-11,20,0-30,14392.82
CLM-015259,Humana Medicare Advantage,2026-06-11,20,0-30,6266.33
CLM-020772,Humana Medicare Advantage,2026-06-11,20,0-30,729.43
CLM-022479,Cigna,2026-06-11,20,0-30,146.42
CLM-023247,Medicaid,2026-06-11,20,0-30,413.84
CLM-024373,UnitedHealthcare,2026-06-11,20,0-30,335.6
CLM-027464,UnitedHealthcare,2026-06-11,20,0-30,3007.58
CLM-027986,Humana Medicare Advantage,2026-06-11,20,0-30,4530.94
CLM-002178,Humana Medicare Advantage,2026-06-12,19,0-30,11776.38
CLM-002674,UnitedHealthcare,2026-06-12,19,0-30,4112.04
CLM-002811,TRICARE,2026-06-12,19,0-30,1297.31
CLM-003339,Humana Medicare Advantage,2026-06-12,19,0-30,396.04
CLM-003901,TRICARE,2026-06-12,19,0-30,336.79
CLM-008416,Humana Medicare Advantage,2026-06-12,19,0-30,157.38
CLM-008655,Cigna,2026-06-12,19,0-30,3118.16
CLM-010036,Medicare,2026-06-12,19,0-30,444.44
CLM-010409,Medicaid,2026-06-12,19,0-30,1085.73
CLM-011111,Blue Cross Blue Shield,2026-06-12,19,0-30,12743.17
CLM-011140,Humana Medicare Advantage,2026-06-12,19,0-30,1979.42
CLM-012656,Humana Medicare Advantage,2026-06-12,19,0-30,11137.39
CLM-012995,Medicare,2026-06-12,19,0-30,195.36
CLM-013943,Aetna,2026-06-12,19,0-30,3284.38
CLM-014033,Medicare,2026-06-12,19,0-30,846.97
CLM-015202,UnitedHealthcare,2026-06-12,19,0-30,328.72
CLM-015279,Medicaid,2026-06-12,19,0-30,1430.86
CLM-015374,Molina Healthcare,2026-06-12,19,0-30,25303.69
CLM-015502,Aetna,2026-06-12,19,0-30,6598.84
CLM-015525,Medicaid,2026-06-12,19,0-30,204.18
CLM-018252,Humana Medicare Advantage,2026-06-12,19,0-30,8678.49
CLM-020858,UnitedHealthcare,2026-06-12,19,0-30,333.4
CLM-021094,Medicaid,2026-06-12,19,0-30,2989.42
CLM-021545,Humana Medicare Advantage,2026-06-12,19,0-30,544.66
CLM-021811,Medicare,2026-06-12,19,0-30,635.12
CLM-022346,Medicare,2026-06-12,19,0-30,4211.15
CLM-024031,Humana Medicare Advantage,2026-06-12,19,0-30,580.3
CLM-024584,Medicaid,2026-06-12,19,0-30,1159.88
CLM-025248,Blue Cross Blue Shield,2026-06-12,19,0-30,1579.76
CLM-026786,Medicaid,2026-06-12,19,0-30,14791.42
CLM-027088,Medicaid,2026-06-12,19,0-30,10386.32
CLM-027910,UnitedHealthcare,2026-06-12,19,0-30,1162.31
CLM-028185,Medicare,2026-06-12,19,0-30,647.13
CLM-028329,Medicare,2026-06-12,19,0-30,971.21
CLM-029102,Medicare,2026-06-12,19,0-30,457.71
CLM-029346,Cigna,2026-06-12,19,0-30,394.56
CLM-029753,Humana Medicare Advantage,2026-06-12,19,0-30,1768.35
CLM-000198,Medicare,2026-06-13,18,0-30,1650.83
CLM-000761,Humana Medicare Advantage,2026-06-13,18,0-30,2541.43
CLM-000956,Cigna,2026-06-13,18,0-30,227.43
CLM-001551,Medicaid,2026-06-13,18,0-30,3012.73
CLM-002507,Cigna,2026-06-13,18,0-30,207.81
CLM-004022,Aetna,2026-06-13,18,0-30,13854.89
CLM-006527,Aetna,2026-06-13,18,0-30,1582.4
CLM-006556,Medicaid,2026-06-13,18,0-30,8045.13
CLM-006722,Humana Medicare Advantage,2026-06-13,18,0-30,17247.72
CLM-006973,Medicare,2026-06-13,18,0-30,9325.75
CLM-007240,Blue Cross Blue Shield,2026-06-13,18,0-30,384.7
CLM-008244,UnitedHealthcare,2026-06-13,18,0-30,840.68
CLM-008562,Blue Cross Blue Shield,2026-06-13,18,0-30,355.64
CLM-009333,Medicare,2026-06-13,18,0-30,246.98
CLM-010105,Aetna,2026-06-13,18,0-30,541.55
CLM-010261,Molina Healthcare,2026-06-13,18,0-30,553.32
CLM-010433,UnitedHealthcare,2026-06-13,18,0-30,269.53
CLM-011166,Blue Cross Blue Shield,2026-06-13,18,0-30,1398.26
CLM-012388,UnitedHealthcare,2026-06-13,18,0-30,2350.97
CLM-012859,Humana Medicare Advantage,2026-06-13,18,0-30,14943.26
CLM-015119,Molina Healthcare,2026-06-13,18,0-30,245.08
CLM-017370,Medicaid,2026-06-13,18,0-30,156.33
CLM-017857,Medicare,2026-06-13,18,0-30,803.9
CLM-018771,Cigna,2026-06-13,18,0-30,1401.58
CLM-018812,Medicare,2026-06-13,18,0-30,1047.87
CLM-019118,Humana Medicare Advantage,2026-06-13,18,0-30,4583.45
CLM-019446,Medicare,2026-06-13,18,0-30,894.61
CLM-019628,Blue Cross Blue Shield,2026-06-13,18,0-30,288.62
CLM-019721,Aetna,2026-06-13,18,0-30,249.55
CLM-020743,Medicare,2026-06-13,18,0-30,1257.51
CLM-021961,Molina Healthcare,2026-06-13,18,0-30,5573.78
CLM-022099,Self-Pay,2026-06-13,18,0-30,1276.1
CLM-024911,Blue Cross Blue Shield,2026-06-13,18,0-30,1591.54
CLM-026893,UnitedHealthcare,2026-06-13,18,0-30,4682.79
CLM-027912,Humana Medicare Advantage,2026-06-13,18,0-30,497.45
CLM-028627,Humana Medicare Advantage,2026-06-13,18,0-30,1060.44
CLM-001422,Humana Medicare Advantage,2026-06-14,17,0-30,268.13
CLM-002936,UnitedHealthcare,2026-06-14,17,0-30,10222.6
CLM-003333,Aetna,2026-06-14,17,0-30,1019.6
CLM-004244,Medicare,2026-06-14,17,0-30,1126.58
CLM-005632,Medicare,2026-06-14,17,0-30,2939.16
CLM-006254,Blue Cross Blue Shield,2026-06-14,17,0-30,729.18
CLM-006938,Aetna,2026-06-14,17,0-30,21602.74
CLM-009751,Cigna,2026-06-14,17,0-30,450.11
CLM-010769,Blue Cross Blue Shield,2026-06-14,17,0-30,1238.94
CLM-011758,Blue Cross Blue Shield,2026-06-14,17,0-30,418.19
CLM-012614,Cigna,2026-06-14,17,0-30,804.22
CLM-012633,Medicare,2026-06-14,17,0-30,70.51
CLM-013578,UnitedHealthcare,2026-06-14,17,0-30,3129.82
CLM-013751,Humana Medicare Advantage,2026-06-14,17,0-30,165.07
CLM-014121,Blue Cross Blue Shield,2026-06-14,17,0-30,155.52
CLM-014186,Humana Medicare Advantage,2026-06-14,17,0-30,532.05
CLM-014203,Medicare,2026-06-14,17,0-30,2396.72
CLM-014318,Humana Medicare Advantage,2026-06-14,17,0-30,921.04
CLM-017107,Molina Healthcare,2026-06-14,17,0-30,14956.12
CLM-017682,Molina Healthcare,2026-06-14,17,0-30,384.98
CLM-017789,Medicaid,2026-06-14,17,0-30,1178.71
CLM-017998,Aetna,2026-06-14,17,0-30,6871.69
CLM-019819,Blue Cross Blue Shield,2026-06-14,17,0-30,550.96
CLM-019887,Blue Cross Blue Shield,2026-06-14,17,0-30,1525.17
CLM-020764,UnitedHealthcare,2026-06-14,17,0-30,3342.22
CLM-021059,Medicaid,2026-06-14,17,0-30,259.72
CLM-021101,Cigna,2026-06-14,17,0-30,371.14
CLM-023783,Humana Medicare Advantage,2026-06-14,17,0-30,277.97
CLM-025861,Blue Cross Blue Shield,2026-06-14,17,0-30,6217.04
CLM-027221,Medicaid,2026-06-14,17,0-30,205.73
CLM-027382,Medicare,2026-06-14,17,0-30,328.56
CLM-027641,State Workers' Compensation,2026-06-14,17,0-30,7123.29
CLM-028511,Medicare,2026-06-14,17,0-30,13033.73
CLM-028916,Self-Pay,2026-06-14,17,0-30,7261.74
CLM-029333,Blue Cross Blue Shield,2026-06-14,17,0-30,515.89
CLM-000414,Medicaid,2026-06-15,16,0-30,5295.94
CLM-001937,Blue Cross Blue Shield,2026-06-15,16,0-30,10555.9
CLM-002517,UnitedHealthcare,2026-06-15,16,0-30,1461.6
CLM-002999,Humana Medicare Advantage,2026-06-15,16,0-30,836.32
CLM-003426,Blue Cross Blue Shield,2026-06-15,16,0-30,11197.79
CLM-004259,Medicare,2026-06-15,16,0-30,7345.67
CLM-005798,Molina Healthcare,2026-06-15,16,0-30,5420.09
CLM-006656,UnitedHealthcare,2026-06-15,16,0-30,447.89
CLM-007141,Medicare,2026-06-15,16,0-30,1850.13
CLM-008492,Medicare,2026-06-15,16,0-30,10277.1
CLM-008982,UnitedHealthcare,2026-06-15,16,0-30,303.19
CLM-009431,UnitedHealthcare,2026-06-15,16,0-30,924.42
CLM-011485,Medicare,2026-06-15,16,0-30,1230.81
CLM-014512,Medicaid,2026-06-15,16,0-30,548.71
CLM-016213,Blue Cross Blue Shield,2026-06-15,16,0-30,2026.75
CLM-016413,Humana Medicare Advantage,2026-06-15,16,0-30,1148.78
CLM-017599,Medicaid,2026-06-15,16,0-30,171.95
CLM-017615,UnitedHealthcare,2026-06-15,16,0-30,2323.08
CLM-018059,UnitedHealthcare,2026-06-15,16,0-30,5909.25
CLM-018112,UnitedHealthcare,2026-06-15,16,0-30,10467.13
CLM-019549,Aetna,2026-06-15,16,0-30,116.77
CLM-019796,UnitedHealthcare,2026-06-15,16,0-30,2182.64
CLM-020000,Medicare,2026-06-15,16,0-30,410.65
CLM-021717,Molina Healthcare,2026-06-15,16,0-30,472.17
CLM-023212,Aetna,2026-06-15,16,0-30,16023.98
CLM-024064,Medicare,2026-06-15,16,0-30,1016.02
CLM-024301,UnitedHealthcare,2026-06-15,16,0-30,1896.83
CLM-025449,Self-Pay,2026-06-15,16,0-30,603.51
CLM-026157,Humana Medicare Advantage,2026-06-15,16,0-30,827.04
CLM-028229,Medicaid,2026-06-15,16,0-30,192.57
CLM-028678,Medicare,2026-06-15,16,0-30,1765.15
CLM-000663,Molina Healthcare,2026-06-16,15,0-30,9706.24
CLM-001166,UnitedHealthcare,2026-06-16,15,0-30,485.06
CLM-002085,Self-Pay,2026-06-16,15,0-30,1419.54
CLM-002911,Medicare,2026-06-16,15,0-30,2633.58
CLM-004063,Cigna,2026-06-16,15,0-30,604.15
CLM-004117,Medicare,2026-06-16,15,0-30,805.82
CLM-004524,Medicare,2026-06-16,15,0-30,410.85
CLM-005456,Medicare,2026-06-16,15,0-30,2444.54
CLM-005640,Medicare,2026-06-16,15,0-30,708.66
CLM-005891,Medicare,2026-06-16,15,0-30,4912.4
CLM-008366,TRICARE,2026-06-16,15,0-30,12202.83
CLM-009050,Medicare,2026-06-16,15,0-30,742.79
CLM-010285,Medicare,2026-06-16,15,0-30,1963.64
CLM-010470,Medicaid,2026-06-16,15,0-30,233.21
CLM-010688,Blue Cross Blue Shield,2026-06-16,15,0-30,298.68
CLM-011778,Medicaid,2026-06-16,15,0-30,8365.52
CLM-013013,Aetna,2026-06-16,15,0-30,628.64
CLM-013021,Blue Cross Blue Shield,2026-06-16,15,0-30,1990.04
CLM-013227,Humana Medicare Advantage,2026-06-16,15,0-30,576.65
CLM-013494,Molina Healthcare,2026-06-16,15,0-30,2688.89
CLM-014317,Blue Cross Blue Shield,2026-06-16,15,0-30,12598.32
CLM-015530,Medicaid,2026-06-16,15,0-30,458.33
CLM-016061,Molina Healthcare,2026-06-16,15,0-30,14146.01
CLM-016142,Medicaid,2026-06-16,15,0-30,1843.42
CLM-017277,Medicare,2026-06-16,15,0-30,1632.76
CLM-017392,Medicare,2026-06-16,15,0-30,824.44
CLM-021710,Molina Healthcare,2026-06-16,15,0-30,218.65
CLM-021996,Medicare,2026-06-16,15,0-30,4493.16
CLM-022056,Medicare,2026-06-16,15,0-30,9069.76
CLM-022737,Blue Cross Blue Shield,2026-06-16,15,0-30,316.0
CLM-023517,Medicaid,2026-06-16,15,0-30,3549.5
CLM-023759,UnitedHealthcare,2026-06-16,15,0-30,1020.83
CLM-024717,Cigna,2026-06-16,15,0-30,467.5
CLM-024876,Blue Cross Blue Shield,2026-06-16,15,0-30,194.51
CLM-025582,Aetna,2026-06-16,15,0-30,12291.46
CLM-025867,State Workers' Compensation,2026-06-16,15,0-30,438.82
CLM-027035,TRICARE,2026-06-16,15,0-30,1431.78
CLM-029316,Medicare,2026-06-16,15,0-30,875.81
CLM-000467,Humana Medicare Advantage,2026-06-17,14,0-30,353.37
CLM-001871,Molina Healthcare,2026-06-17,14,0-30,466.52
CLM-001873,Medicare,2026-06-17,14,0-30,228.52
CLM-002380,Aetna,2026-06-17,14,0-30,1924.04
CLM-003487,Molina Healthcare,2026-06-17,14,0-30,9604.99
CLM-004757,Medicaid,2026-06-17,14,0-30,2702.37
CLM-005220,Aetna,2026-06-17,14,0-30,2514.77
CLM-005247,Medicaid,2026-06-17,14,0-30,442.34
CLM-005429,Blue Cross Blue Shield,2026-06-17,14,0-30,3954.19
CLM-005625,Medicare,2026-06-17,14,0-30,144.56
CLM-005696,Cigna,2026-06-17,14,0-30,289.77
CLM-005846,Medicaid,2026-06-17,14,0-30,148.51
CLM-007031,UnitedHealthcare,2026-06-17,14,0-30,807.04
CLM-008126,UnitedHealthcare,2026-06-17,14,0-30,2251.01
CLM-008756,UnitedHealthcare,2026-06-17,14,0-30,212.96
CLM-008983,State Workers' Compensation,2026-06-17,14,0-30,1590.98
CLM-009274,Aetna,2026-06-17,14,0-30,183.61
CLM-009898,Medicare,2026-06-17,14,0-30,2642.45
CLM-009959,Cigna,2026-06-17,14,0-30,284.42
CLM-010375,Aetna,2026-06-17,14,0-30,1742.77
CLM-011051,Aetna,2026-06-17,14,0-30,4958.12
CLM-011082,Medicaid,2026-06-17,14,0-30,326.23
CLM-013305,Humana Medicare Advantage,2026-06-17,14,0-30,2118.67
CLM-016415,TRICARE,2026-06-17,14,0-30,3577.04
CLM-016614,Medicare,2026-06-17,14,0-30,277.88
CLM-016664,UnitedHealthcare,2026-06-17,14,0-30,1047.67
CLM-017513,Humana Medicare Advantage,2026-06-17,14,0-30,3104.72
CLM-018385,Medicaid,2026-06-17,14,0-30,240.88
CLM-019526,UnitedHealthcare,2026-06-17,14,0-30,4913.65
CLM-020330,Blue Cross Blue Shield,2026-06-17,14,0-30,10165.11
CLM-020379,Blue Cross Blue Shield,2026-06-17,14,0-30,8661.64
CLM-020900,Humana Medicare Advantage,2026-06-17,14,0-30,721.59
CLM-021262,Self-Pay,2026-06-17,14,0-30,4618.36
CLM-021676,Humana Medicare Advantage,2026-06-17,14,0-30,6020.92
CLM-023083,Humana Medicare Advantage,2026-06-17,14,0-30,727.02
CLM-023246,Medicare,2026-06-17,14,0-30,9905.26
CLM-024370,Self-Pay,2026-06-17,14,0-30,5968.51
CLM-025640,Humana Medicare Advantage,2026-06-17,14,0-30,169.3
CLM-026331,Aetna,2026-06-17,14,0-30,1196.28
CLM-027200,Blue Cross Blue Shield,2026-06-17,14,0-30,749.38
CLM-027555,Medicare,2026-06-17,14,0-30,372.5
CLM-027757,UnitedHealthcare,2026-06-17,14,0-30,403.97
CLM-027992,UnitedHealthcare,2026-06-17,14,0-30,5468.81
CLM-029286,Humana Medicare Advantage,2026-06-17,14,0-30,309.73
CLM-003692,Aetna,2026-06-18,13,0-30,1726.44
CLM-004100,UnitedHealthcare,2026-06-18,13,0-30,1871.49
CLM-005242,Medicare,2026-06-18,13,0-30,779.08
CLM-005336,Medicare,2026-06-18,13,0-30,14744.41
CLM-005629,Humana Medicare Advantage,2026-06-18,13,0-30,7328.14
CLM-005744,Molina Healthcare,2026-06-18,13,0-30,1558.39
CLM-006754,Blue Cross Blue Shield,2026-06-18,13,0-30,1399.41
CLM-007029,Medicaid,2026-06-18,13,0-30,8087.53
CLM-007180,Medicare,2026-06-18,13,0-30,2870.43
CLM-008156,Blue Cross Blue Shield,2026-06-18,13,0-30,2308.25
CLM-008471,State Workers' Compensation,2026-06-18,13,0-30,2628.42
CLM-009515,UnitedHealthcare,2026-06-18,13,0-30,2801.65
CLM-010615,UnitedHealthcare,2026-06-18,13,0-30,2151.94
CLM-011687,UnitedHealthcare,2026-06-18,13,0-30,1133.1
CLM-011774,Aetna,2026-06-18,13,0-30,4909.63
CLM-011830,Blue Cross Blue Shield,2026-06-18,13,0-30,196.15
CLM-012332,Humana Medicare Advantage,2026-06-18,13,0-30,7125.54
CLM-013530,Molina Healthcare,2026-06-18,13,0-30,904.22
CLM-013809,Medicare,2026-06-18,13,0-30,4640.12
CLM-014001,Humana Medicare Advantage,2026-06-18,13,0-30,10150.81
CLM-014833,TRICARE,2026-06-18,13,0-30,2500.56
CLM-016674,UnitedHealthcare,2026-06-18,13,0-30,664.85
CLM-019360,Humana Medicare Advantage,2026-06-18,13,0-30,1458.19
CLM-020320,Medicare,2026-06-18,13,0-30,5675.05
CLM-022621,Medicaid,2026-06-18,13,0-30,233.35
CLM-022814,Humana Medicare Advantage,2026-06-18,13,0-30,2118.83
CLM-023385,UnitedHealthcare,2026-06-18,13,0-30,5243.0
CLM-023488,UnitedHealthcare,2026-06-18,13,0-30,893.14
CLM-023584,UnitedHealthcare,2026-06-18,13,0-30,15441.71
CLM-023671,Medicare,2026-06-18,13,0-30,512.71
CLM-023698,Self-Pay,2026-06-18,13,0-30,17834.35
CLM-024858,Aetna,2026-06-18,13,0-30,1839.79
CLM-026275,Medicare,2026-06-18,13,0-30,4826.36
CLM-026374,Molina Healthcare,2026-06-18,13,0-30,1564.8
CLM-027237,Blue Cross Blue Shield,2026-06-18,13,0-30,2001.89
CLM-028670,Self-Pay,2026-06-18,13,0-30,1426.59
CLM-029137,Humana Medicare Advantage,2026-06-18,13,0-30,632.19
CLM-029247,Blue Cross Blue Shield,2026-06-18,13,0-30,280.12
CLM-029695,Humana Medicare Advantage,2026-06-18,13,0-30,818.44
CLM-000779,Humana Medicare Advantage,2026-06-19,12,0-30,290.58
CLM-001091,Aetna,2026-06-19,12,0-30,158.48
CLM-001139,Aetna,2026-06-19,12,0-30,119.07
CLM-001207,Humana Medicare Advantage,2026-06-19,12,0-30,9437.16
CLM-001580,Blue Cross Blue Shield,2026-06-19,12,0-30,1298.34
CLM-001713,Molina Healthcare,2026-06-19,12,0-30,4204.75
CLM-002463,Medicaid,2026-06-19,12,0-30,668.29
CLM-002924,Medicaid,2026-06-19,12,0-30,14510.23
CLM-008222,Humana Medicare Advantage,2026-06-19,12,0-30,1243.29
CLM-009805,Cigna,2026-06-19,12,0-30,463.59
CLM-010180,Medicare,2026-06-19,12,0-30,538.68
CLM-012930,Blue Cross Blue Shield,2026-06-19,12,0-30,2991.05
CLM-014036,Cigna,2026-06-19,12,0-30,1773.97
CLM-015603,Cigna,2026-06-19,12,0-30,7689.29
CLM-017712,Aetna,2026-06-19,12,0-30,3960.67
CLM-018052,Aetna,2026-06-19,12,0-30,1975.35
CLM-018060,Medicare,2026-06-19,12,0-30,4667.25
CLM-018508,Medicaid,2026-06-19,12,0-30,1073.84
CLM-018573,Blue Cross Blue Shield,2026-06-19,12,0-30,11625.11
CLM-019562,Humana Medicare Advantage,2026-06-19,12,0-30,1973.44
CLM-019893,Humana Medicare Advantage,2026-06-19,12,0-30,1395.41
CLM-019905,Humana Medicare Advantage,2026-06-19,12,0-30,1051.05
CLM-021085,Humana Medicare Advantage,2026-06-19,12,0-30,8138.29
CLM-021174,Medicare,2026-06-19,12,0-30,2082.32
CLM-021216,Medicaid,2026-06-19,12,0-30,400.63
CLM-021791,UnitedHealthcare,2026-06-19,12,0-30,1683.55
CLM-022118,UnitedHealthcare,2026-06-19,12,0-30,127.4
CLM-024338,Medicaid,2026-06-19,12,0-30,5891.19
CLM-026794,UnitedHealthcare,2026-06-19,12,0-30,206.08
CLM-027105,Cigna,2026-06-19,12,0-30,481.3
CLM-027679,Cigna,2026-06-19,12,0-30,379.03
CLM-029035,Medicare,2026-06-19,12,0-30,972.71
CLM-000410,Humana Medicare Advantage,2026-06-20,11,0-30,1025.02
CLM-000487,Molina Healthcare,2026-06-20,11,0-30,17497.98
CLM-001085,Medicaid,2026-06-20,11,0-30,302.93
CLM-001473,Medicare,2026-06-20,11,0-30,6209.25
CLM-001572,Humana Medicare Advantage,2026-06-20,11,0-30,856.72
CLM-003119,Medicaid,2026-06-20,11,0-30,1624.92
CLM-004045,UnitedHealthcare,2026-06-20,11,0-30,754.23
CLM-006156,Medicaid,2026-06-20,11,0-30,110.64
CLM-006498,Molina Healthcare,2026-06-20,11,0-30,1267.71
CLM-007320,Self-Pay,2026-06-20,11,0-30,2799.4
CLM-007386,Blue Cross Blue Shield,2026-06-20,11,0-30,1716.47
CLM-007921,Medicare,2026-06-20,11,0-30,999.66
CLM-009590,Aetna,2026-06-20,11,0-30,3534.65
CLM-010496,Blue Cross Blue Shield,2026-06-20,11,0-30,10174.0
CLM-010626,Cigna,2026-06-20,11,0-30,201.15
CLM-010983,Humana Medicare Advantage,2026-06-20,11,0-30,360.35
CLM-011042,Humana Medicare Advantage,2026-06-20,11,0-30,8594.2
CLM-011235,Humana Medicare Advantage,2026-06-20,11,0-30,129.06
CLM-011300,Cigna,2026-06-20,11,0-30,10773.08
CLM-011531,Humana Medicare Advantage,2026-06-20,11,0-30,3471.86
CLM-012894,Humana Medicare Advantage,2026-06-20,11,0-30,2730.83
CLM-014211,Humana Medicare Advantage,2026-06-20,11,0-30,260.95
CLM-015052,Humana Medicare Advantage,2026-06-20,11,0-30,194.12
CLM-015192,Cigna,2026-06-20,11,0-30,190.84
CLM-017246,Molina Healthcare,2026-06-20,11,0-30,788.24
CLM-017810,Humana Medicare Advantage,2026-06-20,11,0-30,10653.52
CLM-018376,Blue Cross Blue Shield,2026-06-20,11,0-30,808.7
CLM-019054,Molina Healthcare,2026-06-20,11,0-30,493.2
CLM-019240,Molina Healthcare,2026-06-20,11,0-30,3483.02
CLM-019458,Blue Cross Blue Shield,2026-06-20,11,0-30,643.39
CLM-019836,Molina Healthcare,2026-06-20,11,0-30,2892.61
CLM-020559,Humana Medicare Advantage,2026-06-20,11,0-30,438.61
CLM-020908,Medicare,2026-06-20,11,0-30,441.67
CLM-021523,Humana Medicare Advantage,2026-06-20,11,0-30,1210.17
CLM-021808,Blue Cross Blue Shield,2026-06-20,11,0-30,297.72
CLM-022527,TRICARE,2026-06-20,11,0-30,264.73
CLM-022973,Medicaid,2026-06-20,11,0-30,652.75
CLM-025383,Medicare,2026-06-20,11,0-30,359.39
CLM-025608,Medicaid,2026-06-20,11,0-30,580.1
CLM-025997,Blue Cross Blue Shield,2026-06-20,11,0-30,574.09
CLM-026206,Self-Pay,2026-06-20,11,0-30,328.19
CLM-027728,Molina Healthcare,2026-06-20,11,0-30,6506.37
CLM-028277,TRICARE,2026-06-20,11,0-30,352.9
CLM-000112,UnitedHealthcare,2026-06-21,10,0-30,1914.05
CLM-000438,Self-Pay,2026-06-21,10,0-30,591.05
CLM-000513,TRICARE,2026-06-21,10,0-30,368.96
CLM-000874,Cigna,2026-06-21,10,0-30,1210.59
CLM-000904,UnitedHealthcare,2026-06-21,10,0-30,14746.92
CLM-001060,Blue Cross Blue Shield,2026-06-21,10,0-30,743.74
CLM-001308,UnitedHealthcare,2026-06-21,10,0-30,114.65
CLM-001641,Humana Medicare Advantage,2026-06-21,10,0-30,4218.8
CLM-004119,Molina Healthcare,2026-06-21,10,0-30,261.42
CLM-004520,Aetna,2026-06-21,10,0-30,13313.14
CLM-004647,Medicare,2026-06-21,10,0-30,1006.01
CLM-005469,Humana Medicare Advantage,2026-06-21,10,0-30,162.92
CLM-006083,Humana Medicare Advantage,2026-06-21,10,0-30,2928.53
CLM-006351,Humana Medicare Advantage,2026-06-21,10,0-30,7218.08
CLM-006623,Medicare,2026-06-21,10,0-30,5111.99
CLM-009340,Aetna,2026-06-21,10,0-30,1310.71
CLM-009900,Blue Cross Blue Shield,2026-06-21,10,0-30,5464.06
CLM-010691,Molina Healthcare,2026-06-21,10,0-30,6008.1
CLM-011018,Medicaid,2026-06-21,10,0-30,2195.16
CLM-011165,Blue Cross Blue Shield,2026-06-21,10,0-30,894.54
CLM-011183,UnitedHealthcare,2026-06-21,10,0-30,162.63
CLM-011557,Molina Healthcare,2026-06-21,10,0-30,200.64
CLM-012497,Medicare,2026-06-21,10,0-30,316.67
CLM-012652,Cigna,2026-06-21,10,0-30,3290.73
CLM-012922,Cigna,2026-06-21,10,0-30,2247.22
CLM-013545,UnitedHealthcare,2026-06-21,10,0-30,697.83
CLM-013914,Humana Medicare Advantage,2026-06-21,10,0-30,1677.78
CLM-014080,Humana Medicare Advantage,2026-06-21,10,0-30,4232.67
CLM-014668,Medicare,2026-06-21,10,0-30,577.23
CLM-015007,Medicare,2026-06-21,10,0-30,470.0
CLM-015396,Aetna,2026-06-21,10,0-30,4643.05
CLM-015472,Medicaid,2026-06-21,10,0-30,4512.85
CLM-016263,Humana Medicare Advantage,2026-06-21,10,0-30,1718.79
CLM-016475,Aetna,2026-06-21,10,0-30,4210.03
CLM-018832,Medicare,2026-06-21,10,0-30,344.08
CLM-018876,Medicare,2026-06-21,10,0-30,207.56
CLM-020238,Blue Cross Blue Shield,2026-06-21,10,0-30,2910.08
CLM-020757,Humana Medicare Advantage,2026-06-21,10,0-30,287.53
CLM-020837,Blue Cross Blue Shield,2026-06-21,10,0-30,2636.56
CLM-022611,Aetna,2026-06-21,10,0-30,1269.82
CLM-023769,Cigna,2026-06-21,10,0-30,236.05
CLM-024108,Medicare,2026-06-21,10,0-30,455.57
CLM-024713,Medicaid,2026-06-21,10,0-30,286.5
CLM-025811,Medicaid,2026-06-21,10,0-30,2755.52
CLM-026718,UnitedHealthcare,2026-06-21,10,0-30,1230.93
CLM-028314,Medicare,2026-06-21,10,0-30,318.74
CLM-029257,UnitedHealthcare,2026-06-21,10,0-30,507.2
CLM-029410,Blue Cross Blue Shield,2026-06-21,10,0-30,1994.49
CLM-029435,UnitedHealthcare,2026-06-21,10,0-30,3033.89
CLM-000288,Humana Medicare Advantage,2026-06-22,9,0-30,2255.42
CLM-000517,Cigna,2026-06-22,9,0-30,987.28
CLM-001726,Humana Medicare Advantage,2026-06-22,9,0-30,2168.34
CLM-001790,Aetna,2026-06-22,9,0-30,6779.81
CLM-003082,Medicaid,2026-06-22,9,0-30,1570.69
CLM-003227,Blue Cross Blue Shield,2026-06-22,9,0-30,3783.58
CLM-003429,Medicare,2026-06-22,9,0-30,568.25
CLM-003613,Medicare,2026-06-22,9,0-30,366.75
CLM-003783,TRICARE,2026-06-22,9,0-30,1141.01
CLM-004996,Cigna,2026-06-22,9,0-30,4359.42
CLM-005171,UnitedHealthcare,2026-06-22,9,0-30,1161.16
CLM-005286,Medicare,2026-06-22,9,0-30,4391.01
CLM-006620,Cigna,2026-06-22,9,0-30,319.11
CLM-006763,Humana Medicare Advantage,2026-06-22,9,0-30,790.17
CLM-007438,Medicaid,2026-06-22,9,0-30,1448.69
CLM-007897,Medicaid,2026-06-22,9,0-30,601.17
CLM-008319,Humana Medicare Advantage,2026-06-22,9,0-30,467.11
CLM-008698,Medicaid,2026-06-22,9,0-30,386.49
CLM-009577,Blue Cross Blue Shield,2026-06-22,9,0-30,1999.82
CLM-010173,Medicare,2026-06-22,9,0-30,225.74
CLM-010290,TRICARE,2026-06-22,9,0-30,3185.43
CLM-011330,Medicaid,2026-06-22,9,0-30,1552.48
CLM-011471,TRICARE,2026-06-22,9,0-30,264.82
CLM-011669,Medicare,2026-06-22,9,0-30,1636.72
CLM-012522,Self-Pay,2026-06-22,9,0-30,192.06
CLM-012636,Medicare,2026-06-22,9,0-30,3000.88
CLM-012908,Cigna,2026-06-22,9,0-30,704.03
CLM-013292,Medicare,2026-06-22,9,0-30,153.02
CLM-013374,Blue Cross Blue Shield,2026-06-22,9,0-30,11080.85
CLM-014061,UnitedHealthcare,2026-06-22,9,0-30,2054.5
CLM-014220,UnitedHealthcare,2026-06-22,9,0-30,396.36
CLM-014970,Medicare,2026-06-22,9,0-30,7989.03
CLM-017247,Aetna,2026-06-22,9,0-30,725.52
CLM-018169,Humana Medicare Advantage,2026-06-22,9,0-30,1197.89
CLM-018280,Humana Medicare Advantage,2026-06-22,9,0-30,1797.53
CLM-018302,Self-Pay,2026-06-22,9,0-30,7117.42
CLM-018457,UnitedHealthcare,2026-06-22,9,0-30,384.23
CLM-019053,UnitedHealthcare,2026-06-22,9,0-30,541.17
CLM-019445,Blue Cross Blue Shield,2026-06-22,9,0-30,2720.5
CLM-020114,Humana Medicare Advantage,2026-06-22,9,0-30,2480.47
CLM-020230,Cigna,2026-06-22,9,0-30,4168.22
CLM-020759,Medicaid,2026-06-22,9,0-30,2532.08
CLM-021416,Medicare,2026-06-22,9,0-30,464.06
CLM-021761,Medicare,2026-06-22,9,0-30,7526.84
CLM-022829,Humana Medicare Advantage,2026-06-22,9,0-30,2913.64
CLM-022937,Blue Cross Blue Shield,2026-06-22,9,0-30,4679.99
CLM-025165,Blue Cross Blue Shield,2026-06-22,9,0-30,282.99
CLM-025238,Medicare,2026-06-22,9,0-30,542.0
CLM-026215,Medicare,2026-06-22,9,0-30,1842.86
CLM-026401,UnitedHealthcare,2026-06-22,9,0-30,6189.01
CLM-026624,Molina Healthcare,2026-06-22,9,0-30,2694.48
CLM-026938,Medicare,2026-06-22,9,0-30,1228.34
CLM-027150,Aetna,2026-06-22,9,0-30,194.83
CLM-027345,TRICARE,2026-06-22,9,0-30,4223.36
CLM-028050,Aetna,2026-06-22,9,0-30,5703.01
CLM-028301,Aetna,2026-06-22,9,0-30,3492.41
CLM-028747,TRICARE,2026-06-22,9,0-30,903.35
CLM-000298,Medicare,2026-06-23,8,0-30,3842.61
CLM-000951,Medicare,2026-06-23,8,0-30,1739.19
CLM-001761,Humana Medicare Advantage,2026-06-23,8,0-30,251.84
CLM-002195,Medicare,2026-06-23,8,0-30,7422.77
CLM-002600,Medicare,2026-06-23,8,0-30,6960.31
CLM-002904,Medicaid,2026-06-23,8,0-30,488.39
CLM-003374,Aetna,2026-06-23,8,0-30,962.8
CLM-004517,TRICARE,2026-06-23,8,0-30,5019.23
CLM-005416,UnitedHealthcare,2026-06-23,8,0-30,301.97
CLM-005970,Medicaid,2026-06-23,8,0-30,1131.5
CLM-008098,TRICARE,2026-06-23,8,0-30,1458.99
CLM-008666,UnitedHealthcare,2026-06-23,8,0-30,3344.8
CLM-008762,Blue Cross Blue Shield,2026-06-23,8,0-30,181.52
CLM-009323,Humana Medicare Advantage,2026-06-23,8,0-30,3784.04
CLM-009614,Blue Cross Blue Shield,2026-06-23,8,0-30,178.28
CLM-009765,Humana Medicare Advantage,2026-06-23,8,0-30,216.2
CLM-010552,UnitedHealthcare,2026-06-23,8,0-30,4944.75
CLM-010927,Humana Medicare Advantage,2026-06-23,8,0-30,2559.67
CLM-011038,Cigna,2026-06-23,8,0-30,2377.91
CLM-011721,Blue Cross Blue Shield,2026-06-23,8,0-30,3828.05
CLM-014020,Humana Medicare Advantage,2026-06-23,8,0-30,7633.67
CLM-014394,Aetna,2026-06-23,8,0-30,9404.04
CLM-015712,Humana Medicare Advantage,2026-06-23,8,0-30,18959.26
CLM-016073,Medicare,2026-06-23,8,0-30,294.4
CLM-016573,Medicare,2026-06-23,8,0-30,515.26
CLM-016989,Medicare,2026-06-23,8,0-30,3355.84
CLM-017381,TRICARE,2026-06-23,8,0-30,1497.48
CLM-018341,Humana Medicare Advantage,2026-06-23,8,0-30,374.1
CLM-020057,Medicaid,2026-06-23,8,0-30,589.2
CLM-021465,Molina Healthcare,2026-06-23,8,0-30,7154.64
CLM-023950,Humana Medicare Advantage,2026-06-23,8,0-30,934.56
CLM-024705,Molina Healthcare,2026-06-23,8,0-30,209.95
CLM-026366,UnitedHealthcare,2026-06-23,8,0-30,278.01
CLM-026575,Blue Cross Blue Shield,2026-06-23,8,0-30,246.61
CLM-028247,Medicare,2026-06-23,8,0-30,205.48
CLM-028930,Molina Healthcare,2026-06-23,8,0-30,282.8
CLM-029262,Blue Cross Blue Shield,2026-06-23,8,0-30,240.22
CLM-000266,Blue Cross Blue Shield,2026-06-24,7,0-30,444.52
CLM-000394,Medicare,2026-06-24,7,0-30,4319.1
CLM-000828,Medicare,2026-06-24,7,0-30,5018.62
CLM-001029,Medicaid,2026-06-24,7,0-30,3381.94
CLM-003256,Molina Healthcare,2026-06-24,7,0-30,305.9
CLM-003466,Humana Medicare Advantage,2026-06-24,7,0-30,4279.32
CLM-004352,Blue Cross Blue Shield,2026-06-24,7,0-30,235.03
CLM-007653,Cigna,2026-06-24,7,0-30,4569.82
CLM-009509,Medicare,2026-06-24,7,0-30,3562.18
CLM-009891,Blue Cross Blue Shield,2026-06-24,7,0-30,928.95
CLM-013294,Medicare,2026-06-24,7,0-30,214.4
CLM-013635,Medicaid,2026-06-24,7,0-30,1943.48
CLM-014041,Medicare,2026-06-24,7,0-30,1711.88
CLM-014293,Molina Healthcare,2026-06-24,7,0-30,1067.84
CLM-014935,Blue Cross Blue Shield,2026-06-24,7,0-30,1020.99
CLM-016014,Blue Cross Blue Shield,2026-06-24,7,0-30,177.41
CLM-016381,Medicare,2026-06-24,7,0-30,7077.85
CLM-017110,Medicaid,2026-06-24,7,0-30,479.42
CLM-017684,Humana Medicare Advantage,2026-06-24,7,0-30,265.71
CLM-018357,Aetna,2026-06-24,7,0-30,1476.45
CLM-020044,TRICARE,2026-06-24,7,0-30,2658.16
CLM-023069,UnitedHealthcare,2026-06-24,7,0-30,694.49
CLM-023098,Medicaid,2026-06-24,7,0-30,1027.36
CLM-023651,Humana Medicare Advantage,2026-06-24,7,0-30,178.76
CLM-025367,TRICARE,2026-06-24,7,0-30,2325.78
CLM-026091,Molina Healthcare,2026-06-24,7,0-30,671.35
CLM-026380,Medicare,2026-06-24,7,0-30,944.34
CLM-029653,Humana Medicare Advantage,2026-06-24,7,0-30,1218.73
CLM-029856,Medicare,2026-06-24,7,0-30,1646.54
CLM-001093,Blue Cross Blue Shield,2026-06-25,6,0-30,778.53
CLM-001128,UnitedHealthcare,2026-06-25,6,0-30,13107.81
CLM-002073,Aetna,2026-06-25,6,0-30,6576.78
CLM-002082,Molina Healthcare,2026-06-25,6,0-30,1815.12
CLM-002333,UnitedHealthcare,2026-06-25,6,0-30,374.7
CLM-005029,Medicare,2026-06-25,6,0-30,457.69
CLM-006235,Medicare,2026-06-25,6,0-30,1519.02
CLM-006471,Medicare,2026-06-25,6,0-30,215.85
CLM-009918,Blue Cross Blue Shield,2026-06-25,6,0-30,6074.42
CLM-010012,Cigna,2026-06-25,6,0-30,352.61
CLM-010040,Humana Medicare Advantage,2026-06-25,6,0-30,6253.27
CLM-011283,Blue Cross Blue Shield,2026-06-25,6,0-30,1180.02
CLM-013737,Cigna,2026-06-25,6,0-30,995.93
CLM-014047,UnitedHealthcare,2026-06-25,6,0-30,3037.83
CLM-014102,Medicaid,2026-06-25,6,0-30,279.99
CLM-014277,Medicaid,2026-06-25,6,0-30,219.18
CLM-016224,Aetna,2026-06-25,6,0-30,275.88
CLM-017898,UnitedHealthcare,2026-06-25,6,0-30,380.99
CLM-018950,Medicare,2026-06-25,6,0-30,502.97
CLM-019070,Aetna,2026-06-25,6,0-30,12133.22
CLM-019280,Medicare,2026-06-25,6,0-30,11930.46
CLM-019443,UnitedHealthcare,2026-06-25,6,0-30,1564.95
CLM-020368,Cigna,2026-06-25,6,0-30,11091.25
CLM-021080,UnitedHealthcare,2026-06-25,6,0-30,4233.37
CLM-022897,Medicare,2026-06-25,6,0-30,330.89
CLM-024947,Molina Healthcare,2026-06-25,6,0-30,13598.24
CLM-025684,Aetna,2026-06-25,6,0-30,2049.01
CLM-025813,Medicare,2026-06-25,6,0-30,17634.13
CLM-027376,UnitedHealthcare,2026-06-25,6,0-30,5077.23
CLM-027820,TRICARE,2026-06-25,6,0-30,313.84
CLM-028074,Humana Medicare Advantage,2026-06-25,6,0-30,922.28
CLM-028192,Medicaid,2026-06-25,6,0-30,1474.45
CLM-028513,Self-Pay,2026-06-25,6,0-30,575.61
CLM-029041,UnitedHealthcare,2026-06-25,6,0-30,7323.23
CLM-029180,Aetna,2026-06-25,6,0-30,362.51
CLM-029187,Humana Medicare Advantage,2026-06-25,6,0-30,1983.83
CLM-029277,Blue Cross Blue Shield,2026-06-25,6,0-30,366.61
CLM-029645,Humana Medicare Advantage,2026-06-25,6,0-30,9134.97
CLM-029745,TRICARE,2026-06-25,6,0-30,548.99
CLM-000313,Aetna,2026-06-26,5,0-30,1863.63
CLM-000917,Aetna,2026-06-26,5,0-30,760.05
CLM-001084,Medicare,2026-06-26,5,0-30,5536.15
CLM-001121,Medicaid,2026-06-26,5,0-30,3521.65
CLM-001998,Blue Cross Blue Shield,2026-06-26,5,0-30,3699.25
CLM-002089,Blue Cross Blue Shield,2026-06-26,5,0-30,18474.41
CLM-002561,Medicaid,2026-06-26,5,0-30,738.54
CLM-002640,Medicaid,2026-06-26,5,0-30,452.51
CLM-004143,Self-Pay,2026-06-26,5,0-30,1681.98
CLM-006380,Molina Healthcare,2026-06-26,5,0-30,2317.71
CLM-006878,Molina Healthcare,2026-06-26,5,0-30,7928.02
CLM-008099,Medicare,2026-06-26,5,0-30,3402.18
CLM-008951,Humana Medicare Advantage,2026-06-26,5,0-30,966.86
CLM-009047,UnitedHealthcare,2026-06-26,5,0-30,6174.53
CLM-009177,Medicare,2026-06-26,5,0-30,3405.2
CLM-009719,Cigna,2026-06-26,5,0-30,11060.63
CLM-011095,Blue Cross Blue Shield,2026-06-26,5,0-30,1258.27
CLM-012168,Cigna,2026-06-26,5,0-30,1400.36
CLM-012457,Medicare,2026-06-26,5,0-30,7906.13
CLM-015700,Molina Healthcare,2026-06-26,5,0-30,21076.5
CLM-016306,Cigna,2026-06-26,5,0-30,1387.37
CLM-016751,Medicare,2026-06-26,5,0-30,7145.53
CLM-017528,Molina Healthcare,2026-06-26,5,0-30,207.46
CLM-017738,TRICARE,2026-06-26,5,0-30,2504.11
CLM-018066,Medicare,2026-06-26,5,0-30,188.25
CLM-018551,Molina Healthcare,2026-06-26,5,0-30,4795.72
CLM-018577,Cigna,2026-06-26,5,0-30,10184.06
CLM-018648,Blue Cross Blue Shield,2026-06-26,5,0-30,337.67
CLM-018886,Aetna,2026-06-26,5,0-30,371.46
CLM-019369,Blue Cross Blue Shield,2026-06-26,5,0-30,2307.43
CLM-020750,Molina Healthcare,2026-06-26,5,0-30,865.59
CLM-021582,Humana Medicare Advantage,2026-06-26,5,0-30,7236.61
CLM-021767,Medicare,2026-06-26,5,0-30,402.28
CLM-022392,Molina Healthcare,2026-06-26,5,0-30,1574.23
CLM-022589,State Workers' Compensation,2026-06-26,5,0-30,3497.56
CLM-022713,Medicare,2026-06-26,5,0-30,1506.51
CLM-023220,Medicare,2026-06-26,5,0-30,3228.35
CLM-023720,Medicaid,2026-06-26,5,0-30,227.27
CLM-023746,Aetna,2026-06-26,5,0-30,2814.37
CLM-024286,Medicare,2026-06-26,5,0-30,2943.53
CLM-024905,Medicare,2026-06-26,5,0-30,433.89
CLM-025131,Medicare,2026-06-26,5,0-30,277.03
CLM-026161,Medicare,2026-06-26,5,0-30,1027.09
CLM-026746,UnitedHealthcare,2026-06-26,5,0-30,9063.95
CLM-027600,Cigna,2026-06-26,5,0-30,3961.85
CLM-028125,Aetna,2026-06-26,5,0-30,11281.89
CLM-029847,Aetna,2026-06-26,5,0-30,1626.89
CLM-001151,Humana Medicare Advantage,2026-06-27,4,0-30,6184.08
CLM-001646,Medicare,2026-06-27,4,0-30,493.52
CLM-002765,Medicare,2026-06-27,4,0-30,3157.65
CLM-004016,Humana Medicare Advantage,2026-06-27,4,0-30,1690.6
CLM-004099,Blue Cross Blue Shield,2026-06-27,4,0-30,345.76
CLM-004574,Aetna,2026-06-27,4,0-30,14906.1
CLM-005582,Cigna,2026-06-27,4,0-30,1279.92
CLM-006895,Medicare,2026-06-27,4,0-30,219.17
CLM-007278,Medicare,2026-06-27,4,0-30,443.58
CLM-007535,State Workers' Compensation,2026-06-27,4,0-30,2949.39
CLM-008050,Humana Medicare Advantage,2026-06-27,4,0-30,12432.32
CLM-008905,Molina Healthcare,2026-06-27,4,0-30,15477.46
CLM-009069,Medicaid,2026-06-27,4,0-30,1798.18
CLM-010191,Medicaid,2026-06-27,4,0-30,271.05
CLM-011464,Cigna,2026-06-27,4,0-30,1351.4
CLM-012269,Medicaid,2026-06-27,4,0-30,233.68
CLM-012970,Medicare,2026-06-27,4,0-30,367.38
CLM-013769,Humana Medicare Advantage,2026-06-27,4,0-30,1301.97
CLM-014334,Medicare,2026-06-27,4,0-30,314.79
CLM-014930,Cigna,2026-06-27,4,0-30,838.55
CLM-015997,Medicaid,2026-06-27,4,0-30,224.26
CLM-016907,Humana Medicare Advantage,2026-06-27,4,0-30,324.75
CLM-017735,Self-Pay,2026-06-27,4,0-30,114.64
CLM-018433,UnitedHealthcare,2026-06-27,4,0-30,991.96
CLM-019155,UnitedHealthcare,2026-06-27,4,0-30,3296.34
CLM-020395,Cigna,2026-06-27,4,0-30,487.42
CLM-020542,Medicare,2026-06-27,4,0-30,225.9
CLM-020608,Humana Medicare Advantage,2026-06-27,4,0-30,11795.14
CLM-020760,Molina Healthcare,2026-06-27,4,0-30,17081.71
CLM-021169,Medicare,2026-06-27,4,0-30,422.43
CLM-021247,Humana Medicare Advantage,2026-06-27,4,0-30,318.13
CLM-021897,Medicaid,2026-06-27,4,0-30,145.64
CLM-022113,UnitedHealthcare,2026-06-27,4,0-30,181.33
CLM-022323,UnitedHealthcare,2026-06-27,4,0-30,1352.45
CLM-022338,TRICARE,2026-06-27,4,0-30,226.14
CLM-024295,UnitedHealthcare,2026-06-27,4,0-30,612.9
CLM-024438,Blue Cross Blue Shield,2026-06-27,4,0-30,454.07
CLM-026143,Medicaid,2026-06-27,4,0-30,5146.62
CLM-027093,UnitedHealthcare,2026-06-27,4,0-30,1202.53
CLM-027881,Medicare,2026-06-27,4,0-30,641.78
CLM-028293,Blue Cross Blue Shield,2026-06-27,4,0-30,270.26
CLM-028308,Blue Cross Blue Shield,2026-06-27,4,0-30,4216.68
CLM-029496,Humana Medicare Advantage,2026-06-27,4,0-30,2648.44
CLM-001077,UnitedHealthcare,2026-06-28,3,0-30,1347.07
CLM-001471,Medicare,2026-06-28,3,0-30,149.82
CLM-001928,Medicare,2026-06-28,3,0-30,823.12
CLM-002248,Molina Healthcare,2026-06-28,3,0-30,1627.97
CLM-002563,Aetna,2026-06-28,3,0-30,4753.97
CLM-002820,TRICARE,2026-06-28,3,0-30,1299.54
CLM-003475,Humana Medicare Advantage,2026-06-28,3,0-30,1245.72
CLM-004680,Medicaid,2026-06-28,3,0-30,1506.88
CLM-005260,Molina Healthcare,2026-06-28,3,0-30,209.37
CLM-006028,Medicare,2026-06-28,3,0-30,3278.92
CLM-006562,Aetna,2026-06-28,3,0-30,4891.66
CLM-006952,Humana Medicare Advantage,2026-06-28,3,0-30,901.66
CLM-006968,Medicaid,2026-06-28,3,0-30,10579.51
CLM-008396,Blue Cross Blue Shield,2026-06-28,3,0-30,834.96
CLM-008610,UnitedHealthcare,2026-06-28,3,0-30,7456.27
CLM-008999,Self-Pay,2026-06-28,3,0-30,790.43
CLM-009507,Medicare,2026-06-28,3,0-30,822.53
CLM-011163,Blue Cross Blue Shield,2026-06-28,3,0-30,181.92
CLM-013215,Humana Medicare Advantage,2026-06-28,3,0-30,2794.9
CLM-013907,Cigna,2026-06-28,3,0-30,2060.89
CLM-014163,UnitedHealthcare,2026-06-28,3,0-30,2569.09
CLM-016518,UnitedHealthcare,2026-06-28,3,0-30,6316.52
CLM-017108,Humana Medicare Advantage,2026-06-28,3,0-30,184.22
CLM-017759,Humana Medicare Advantage,2026-06-28,3,0-30,642.93
CLM-018784,Medicare,2026-06-28,3,0-30,3224.85
CLM-019616,Medicaid,2026-06-28,3,0-30,5162.54
CLM-019704,Aetna,2026-06-28,3,0-30,3817.43
CLM-020142,Humana Medicare Advantage,2026-06-28,3,0-30,587.17
CLM-020748,UnitedHealthcare,2026-06-28,3,0-30,9499.13
CLM-023414,Medicare,2026-06-28,3,0-30,4227.95
CLM-023511,Self-Pay,2026-06-28,3,0-30,1618.05
CLM-023574,Medicare,2026-06-28,3,0-30,14713.15
CLM-024793,Humana Medicare Advantage,2026-06-28,3,0-30,12050.38
CLM-024856,Humana Medicare Advantage,2026-06-28,3,0-30,2243.67
CLM-025546,Self-Pay,2026-06-28,3,0-30,1061.67
CLM-027591,Blue Cross Blue Shield,2026-06-28,3,0-30,3312.44
CLM-029563,Molina Healthcare,2026-06-28,3,0-30,409.26
CLM-001361,Medicare,2026-06-29,2,0-30,7007.24
CLM-002851,Medicare,2026-06-29,2,0-30,302.09
CLM-003735,Humana Medicare Advantage,2026-06-29,2,0-30,1324.95
CLM-003800,Medicaid,2026-06-29,2,0-30,240.75
CLM-003929,Cigna,2026-06-29,2,0-30,412.05
CLM-004513,UnitedHealthcare,2026-06-29,2,0-30,2651.12
CLM-005340,Medicaid,2026-06-29,2,0-30,2953.52
CLM-005493,Medicaid,2026-06-29,2,0-30,4735.74
CLM-005521,Blue Cross Blue Shield,2026-06-29,2,0-30,1551.57
CLM-005751,Cigna,2026-06-29,2,0-30,1760.58
CLM-006021,Medicare,2026-06-29,2,0-30,14003.4
CLM-006037,Aetna,2026-06-29,2,0-30,345.18
CLM-006297,Molina Healthcare,2026-06-29,2,0-30,497.61
CLM-006891,Aetna,2026-06-29,2,0-30,200.61
CLM-008121,Medicare,2026-06-29,2,0-30,329.4
CLM-008143,Medicare,2026-06-29,2,0-30,3977.21
CLM-010866,Cigna,2026-06-29,2,0-30,4560.46
CLM-011271,Medicare,2026-06-29,2,0-30,2448.36
CLM-012912,Blue Cross Blue Shield,2026-06-29,2,0-30,222.68
CLM-013742,Medicare,2026-06-29,2,0-30,9847.02
CLM-015717,Aetna,2026-06-29,2,0-30,699.65
CLM-016924,TRICARE,2026-06-29,2,0-30,8995.43
CLM-018572,Aetna,2026-06-29,2,0-30,922.6
CLM-018994,Aetna,2026-06-29,2,0-30,1534.04
CLM-019075,TRICARE,2026-06-29,2,0-30,18691.52
CLM-019623,Medicare,2026-06-29,2,0-30,3688.9
CLM-022218,Blue Cross Blue Shield,2026-06-29,2,0-30,2260.58
CLM-022247,Medicare,2026-06-29,2,0-30,105.8
CLM-022484,Medicare,2026-06-29,2,0-30,2104.39
CLM-022565,UnitedHealthcare,2026-06-29,2,0-30,581.08
CLM-022828,Aetna,2026-06-29,2,0-30,984.37
CLM-023903,Medicaid,2026-06-29,2,0-30,1185.09
CLM-024298,Medicare,2026-06-29,2,0-30,5130.73
CLM-025132,UnitedHealthcare,2026-06-29,2,0-30,3059.8
CLM-025294,State Workers' Compensation,2026-06-29,2,0-30,483.17
CLM-025370,Medicare,2026-06-29,2,0-30,150.45
CLM-025454,Cigna,2026-06-29,2,0-30,1659.94
CLM-027438,Medicare,2026-06-29,2,0-30,1882.5
CLM-027797,Self-Pay,2026-06-29,2,0-30,382.12
CLM-027963,Medicare,2026-06-29,2,0-30,10064.62
CLM-028509,Medicare,2026-06-29,2,0-30,3229.68
CLM-028710,Medicare,2026-06-29,2,0-30,3170.09
CLM-028994,Humana Medicare Advantage,2026-06-29,2,0-30,2690.51
CLM-029556,TRICARE,2026-06-29,2,0-30,959.48
CLM-029608,Humana Medicare Advantage,2026-06-29,2,0-30,396.71
CLM-029801,Medicare,2026-06-29,2,0-30,1035.66
CLM-002737,Molina Healthcare,2026-06-30,1,0-30,3760.64
CLM-003096,Aetna,2026-06-30,1,0-30,281.92
CLM-004309,Medicare,2026-06-30,1,0-30,9231.11
CLM-004571,Medicare,2026-06-30,1,0-30,1146.53
CLM-004796,Medicaid,2026-06-30,1,0-30,15813.26
CLM-004812,Self-Pay,2026-06-30,1,0-30,784.8
CLM-006732,Medicaid,2026-06-30,1,0-30,11174.81
CLM-009137,Aetna,2026-06-30,1,0-30,11834.11
CLM-010204,Humana Medicare Advantage,2026-06-30,1,0-30,150.62
CLM-010788,Medicare,2026-06-30,1,0-30,181.31
CLM-011108,Blue Cross Blue Shield,2026-06-30,1,0-30,324.94
CLM-011209,Medicare,2026-06-30,1,0-30,1680.28
CLM-011379,Humana Medicare Advantage,2026-06-30,1,0-30,5979.51
CLM-011862,Medicare,2026-06-30,1,0-30,7507.45
CLM-012842,UnitedHealthcare,2026-06-30,1,0-30,482.53
CLM-013221,Humana Medicare Advantage,2026-06-30,1,0-30,8692.69
CLM-015646,UnitedHealthcare,2026-06-30,1,0-30,5130.33
CLM-015764,Medicare,2026-06-30,1,0-30,192.73
CLM-016598,Molina Healthcare,2026-06-30,1,0-30,2145.58
CLM-016630,UnitedHealthcare,2026-06-30,1,0-30,1999.04
CLM-016702,UnitedHealthcare,2026-06-30,1,0-30,665.04
CLM-017068,Medicaid,2026-06-30,1,0-30,20759.94
CLM-017773,Medicare,2026-06-30,1,0-30,521.28
CLM-019234,Humana Medicare Advantage,2026-06-30,1,0-30,1546.29
CLM-020081,Medicare,2026-06-30,1,0-30,14890.55
CLM-020158,Humana Medicare Advantage,2026-06-30,1,0-30,404.36
CLM-021178,Blue Cross Blue Shield,2026-06-30,1,0-30,1838.63
CLM-021936,Medicare,2026-06-30,1,0-30,7871.02
CLM-022451,Blue Cross Blue Shield,2026-06-30,1,0-30,280.93
CLM-022638,Humana Medicare Advantage,2026-06-30,1,0-30,213.75
CLM-023207,Medicaid,2026-06-30,1,0-30,424.79
CLM-024050,Aetna,2026-06-30,1,0-30,742.61
CLM-026518,Aetna,2026-06-30,1,0-30,192.01
CLM-026558,Blue Cross Blue Shield,2026-06-30,1,0-30,239.04
CLM-027938,Blue Cross Blue Shield,2026-06-30,1,0-30,164.03
CLM-028825,Humana Medicare Advantage,2026-06-30,1,0-30,385.23
CLM-028879,Medicaid,2026-06-30,1,0-30,13566.91
CLM-028999,Humana Medicare Advantage,2026-06-30,1,0-30,5327.01
CLM-029355,Medicaid,2026-06-30,1,0-30,282.11
